{
"type": "FeatureCollection",
"name": "provincie_gegeneraliseerd",
"crs": { "type": "name", "properties": { "name": "urn:ogc:def:crs:OGC:1.3:CRS84" } },
"features": [
{ "type": "Feature", "properties": { "statcode": "PV20", "jrstatcode": "2025PV20", "statnaam": "Groningen", "rubriek": "provincie", "id": 1 }, "geometry": { "type": "MultiPolygon", "coordinates": [ [ [ [ 7.209672761834304, 53.239638740824951 ], [ 7.208052969470304, 53.239197552703075 ], [ 7.206544196117534, 53.237553949208113 ], [ 7.205136109054074, 53.239410860847023 ], [ 7.208948025323206, 53.243072847181487 ], [ 7.209672761834304, 53.239638740824951 ] ] ], [ [ [ 6.210792740225121, 53.364965984912523 ], [ 6.21214010910397, 53.362864947394357 ], [ 6.209626555020774, 53.363698538930407 ], [ 6.210792740225121, 53.364965984912523 ] ] ], [ [ [ 6.209636690544652, 53.372360266807028 ], [ 6.209761503712638, 53.370357345001615 ], [ 6.20803994638709, 53.370552673486351 ], [ 6.20710336949999, 53.372592847063601 ], [ 6.209636690544652, 53.372360266807028 ] ] ], [ [ [ 6.207140481973889, 53.370745015660383 ], [ 6.207611102045742, 53.363497001941532 ], [ 6.196634433300578, 53.364007310197422 ], [ 6.181899269710838, 53.37063641652167 ], [ 6.18407434542421, 53.373845243007139 ], [ 6.187745687947668, 53.372657623409296 ], [ 6.190291979485279, 53.369329036605912 ], [ 6.190702927452336, 53.373444502836286 ], [ 6.194399070005417, 53.37489845854639 ], [ 6.207140481973889, 53.370745015660383 ] ] ], [ [ [ 6.189009329725272, 53.385906194847692 ], [ 6.184524063106242, 53.383863252568524 ], [ 6.183933414528815, 53.386910336305661 ], [ 6.186584127806528, 53.387597113193316 ], [ 6.189009329725272, 53.385906194847692 ] ] ], [ [ [ 6.231234636805031, 53.391669075544428 ], [ 6.222850476829186, 53.3898572072628 ], [ 6.219067602698257, 53.390888125691241 ], [ 6.228034394026007, 53.39344327697615 ], [ 6.231234636805031, 53.391669075544428 ] ] ], [ [ [ 6.778756785299008, 53.460749516321933 ], [ 6.793121137325399, 53.455722495431353 ], [ 6.794633314230271, 53.457267071307484 ], [ 6.798364429062786, 53.455010583216357 ], [ 6.813563280088196, 53.463244343701852 ], [ 6.828898680225551, 53.459653985417184 ], [ 6.831719739737443, 53.461962392925408 ], [ 6.834921712952396, 53.462451222208749 ], [ 6.830779521735262, 53.459640545112812 ], [ 6.834739198936346, 53.455925035036529 ], [ 6.81821547338571, 53.459788547884251 ], [ 6.817169194287924, 53.457356599428607 ], [ 6.834457178076566, 53.45461473513393 ], [ 6.832059342762182, 53.450742717895217 ], [ 6.8139294662391, 53.453354998947873 ], [ 6.812882067008494, 53.450806320386391 ], [ 6.829406831201352, 53.448204112071416 ], [ 6.828381851305396, 53.445820953626082 ], [ 6.81979560443541, 53.447140101563356 ], [ 6.81926849124211, 53.444845533358354 ], [ 6.855352667190067, 53.441288449069127 ], [ 6.856407101502233, 53.443707877827499 ], [ 6.838372043818088, 53.446856169064297 ], [ 6.842581045029791, 53.457210453120219 ], [ 6.841573355261263, 53.460383807072581 ], [ 6.842913537982514, 53.456445781197893 ], [ 6.865085696054881, 53.449756257611803 ], [ 6.866106251313297, 53.450486537109697 ], [ 6.879645129564172, 53.441428260455133 ], [ 6.881421109802445, 53.441726774258839 ], [ 6.881512235907381, 53.440291630254194 ], [ 6.883470530275866, 53.440823476599931 ], [ 6.883462066726759, 53.435536167758791 ], [ 6.875178940666537, 53.420927517113974 ], [ 6.874210746769434, 53.408033793239341 ], [ 6.888058132393288, 53.395958873063378 ], [ 6.885257515650025, 53.392449001036375 ], [ 6.889170400867997, 53.391269172430853 ], [ 6.890576348765651, 53.388867809633069 ], [ 6.889000969634924, 53.38028017592444 ], [ 6.895679747880759, 53.369611011609592 ], [ 6.89451323486677, 53.365139376421695 ], [ 6.89712610121618, 53.355583422256579 ], [ 6.902085948728847, 53.347509863253592 ], [ 6.908526288342943, 53.347248024417581 ], [ 6.930484518253128, 53.334862078524701 ], [ 6.936316019707196, 53.334029491476109 ], [ 6.944317391650058, 53.329693283260028 ], [ 6.943558853782086, 53.327278378765634 ], [ 6.986988473796203, 53.317550923181699 ], [ 7.005072775938047, 53.316846131228061 ], [ 6.987633129484732, 53.316400044094777 ], [ 6.970371253775979, 53.320801627832829 ], [ 6.952159315947641, 53.323297659399202 ], [ 6.939683884226355, 53.328167602596608 ], [ 6.934314148179759, 53.33307490803503 ], [ 6.931165620011097, 53.332122009935325 ], [ 6.928121644150271, 53.327689964322431 ], [ 6.962911233988009, 53.318858767369875 ], [ 6.968314825735742, 53.319004824505079 ], [ 6.979354740000236, 53.316332927698866 ], [ 7.000589690119275, 53.30942443974935 ], [ 7.010727024571035, 53.313809948261913 ], [ 7.010233835389914, 53.315788769059964 ], [ 7.012914188740653, 53.311244525604117 ], [ 7.010292990998882, 53.306123734249297 ], [ 7.026994960827932, 53.302459244831994 ], [ 7.037946440173205, 53.304685496345428 ], [ 7.039185220250838, 53.302399695146363 ], [ 7.047502913743318, 53.299567344685165 ], [ 7.076718264911984, 53.300277677863832 ], [ 7.080722674661557, 53.303696047547781 ], [ 7.090988959821854, 53.305132240629582 ], [ 7.098378794405081, 53.308725801403604 ], [ 7.099966264667086, 53.307900486174134 ], [ 7.09837565565517, 53.305050538116745 ], [ 7.084168106908661, 53.297559560684661 ], [ 7.082503770418733, 53.291234335414835 ], [ 7.085242536000875, 53.282508279882023 ], [ 7.078238062938104, 53.270769675287447 ], [ 7.078331384226034, 53.266581296124912 ], [ 7.084620703091796, 53.261564501861542 ], [ 7.103612944301765, 53.252277348890587 ], [ 7.108266005164473, 53.252662387804946 ], [ 7.111828028894679, 53.250691693535039 ], [ 7.11510577248689, 53.252230641923873 ], [ 7.120935056883857, 53.249882851732046 ], [ 7.134008041555711, 53.2501549736916 ], [ 7.143043602352097, 53.245698667202973 ], [ 7.14708918036935, 53.246348586170406 ], [ 7.15586431807459, 53.243391877912522 ], [ 7.159369324379858, 53.24609343437853 ], [ 7.16313720654536, 53.245373632256182 ], [ 7.17306605731394, 53.240498206639373 ], [ 7.177485135107781, 53.241233173556168 ], [ 7.183217450105236, 53.239129202487909 ], [ 7.205717148525447, 53.236310338474567 ], [ 7.208056575256689, 53.231661145077702 ], [ 7.206576664515673, 53.236819798976185 ], [ 7.209806212230882, 53.239407878721401 ], [ 7.212504566232504, 53.228188665734329 ], [ 7.210491716870418, 53.228397130405035 ], [ 7.217025367786988, 53.214766599857661 ], [ 7.217622763715173, 53.197817332613944 ], [ 7.208190393767206, 53.188651017979382 ], [ 7.227498373224411, 53.180278509601827 ], [ 7.214002285875998, 53.177204114306413 ], [ 7.203654868749208, 53.176564210469877 ], [ 7.190900425863074, 53.161839742271631 ], [ 7.189601260096546, 53.147961573591608 ], [ 7.183123402811407, 53.14014913130805 ], [ 7.178961564790038, 53.138545489468385 ], [ 7.181018536571421, 53.127678641332096 ], [ 7.185872814784532, 53.124225746622983 ], [ 7.183101072513987, 53.121679982102847 ], [ 7.202793505122827, 53.113410573469423 ], [ 7.199219323274691, 53.0813861843925 ], [ 7.21293205244502, 53.011060834621404 ], [ 7.217445356723037, 53.007037140584139 ], [ 7.209562334254539, 53.000506673039204 ], [ 7.181515491515223, 52.941584240571885 ], [ 7.104370693708484, 52.863931188063304 ], [ 7.087257914784635, 52.849887140883979 ], [ 7.092739665529197, 52.838196135693074 ], [ 7.072378654932535, 52.838513899724582 ], [ 7.072192957146666, 52.845210934661722 ], [ 7.076236882578872, 52.850030123911658 ], [ 7.069138155292484, 52.847863670734938 ], [ 7.065917304685255, 52.85164196687829 ], [ 7.062726515981981, 52.851468443916666 ], [ 7.046433017999847, 52.865855601788475 ], [ 7.043486223700511, 52.865218578090904 ], [ 7.040286193964238, 52.872818215182264 ], [ 7.014799274866757, 52.872986578728138 ], [ 7.04553112117777, 52.915915495723006 ], [ 7.026854375416079, 52.919037011418801 ], [ 7.015697681079108, 52.924815655693081 ], [ 6.936610606468505, 52.992759575556981 ], [ 6.743253770102584, 53.116568299741758 ], [ 6.737450956338635, 53.11946172896922 ], [ 6.695366928276109, 53.121176015112823 ], [ 6.674926989096316, 53.117524735807095 ], [ 6.634836257816771, 53.106202076530884 ], [ 6.637102774274598, 53.108648696057863 ], [ 6.635781527295583, 53.113396275238209 ], [ 6.628067782634536, 53.115874611911899 ], [ 6.630575689852066, 53.119385297180763 ], [ 6.621763333467514, 53.126350710436768 ], [ 6.618976872977991, 53.131580855236479 ], [ 6.613641275230728, 53.132694287265565 ], [ 6.614400443105886, 53.135556957403132 ], [ 6.60045633941639, 53.144308814972568 ], [ 6.587794254699335, 53.145891802445277 ], [ 6.584642549825113, 53.15430518672305 ], [ 6.587089330693162, 53.156225957933366 ], [ 6.583455289430043, 53.158527459601594 ], [ 6.581496957638259, 53.163530689757692 ], [ 6.563687461755378, 53.157638374513873 ], [ 6.559319433348278, 53.169340977865573 ], [ 6.548188303995569, 53.181097637027811 ], [ 6.54174391833293, 53.1786103064968 ], [ 6.53421774809441, 53.184063568163502 ], [ 6.5304919809406, 53.195559273289348 ], [ 6.515715198228856, 53.19830814966965 ], [ 6.513385989039717, 53.196937017803997 ], [ 6.506844706842157, 53.200145038537769 ], [ 6.493504905877004, 53.198497018680527 ], [ 6.492725633380468, 53.200736374999515 ], [ 6.485716829354209, 53.203821257815676 ], [ 6.481511831532541, 53.203553437168608 ], [ 6.447712074699071, 53.196440585061332 ], [ 6.442866783736723, 53.187740423089224 ], [ 6.424487530526685, 53.181678021923823 ], [ 6.407970277615127, 53.178148430334247 ], [ 6.405469531334326, 53.176282999785798 ], [ 6.402687250940926, 53.167005663107595 ], [ 6.395093718112, 53.163528721334728 ], [ 6.38147095938595, 53.153436020838853 ], [ 6.382612271281861, 53.149570489733819 ], [ 6.366051891437272, 53.122558348791934 ], [ 6.36355988538133, 53.107560247350143 ], [ 6.356620477282122, 53.107084517866753 ], [ 6.344442859550672, 53.087150569019713 ], [ 6.290565601165267, 53.099829050814826 ], [ 6.283050305351934, 53.106863137990679 ], [ 6.274138824602121, 53.111161165463869 ], [ 6.261684591161832, 53.114292694744961 ], [ 6.239363959059857, 53.113388825749112 ], [ 6.205609813682211, 53.115466454684913 ], [ 6.175234870261171, 53.135902627901601 ], [ 6.17733700150071, 53.166982764664063 ], [ 6.193097426731803, 53.189277732384205 ], [ 6.199830600385461, 53.195322698328788 ], [ 6.199621421570672, 53.198355319732343 ], [ 6.209578174623758, 53.199960977454467 ], [ 6.219242358907387, 53.206129811353833 ], [ 6.224839620263432, 53.212003823994309 ], [ 6.224750136963306, 53.214578573340965 ], [ 6.229988418687427, 53.217818449798315 ], [ 6.230173320378412, 53.222440431547085 ], [ 6.225339457465568, 53.22545538154754 ], [ 6.224632096752965, 53.230073794901486 ], [ 6.214583935996606, 53.233710697402465 ], [ 6.21554252297969, 53.236985154815656 ], [ 6.224972056678058, 53.238592839103106 ], [ 6.217978238112253, 53.241932130491421 ], [ 6.231094865674947, 53.245105362359624 ], [ 6.230318479261676, 53.250426418785509 ], [ 6.233665183512857, 53.250398998324407 ], [ 6.23510067936949, 53.253354843677243 ], [ 6.232173048892785, 53.256747412369478 ], [ 6.237584186728123, 53.257547158904458 ], [ 6.237973446654103, 53.261582736068576 ], [ 6.246863172423747, 53.268295830926746 ], [ 6.249977289708136, 53.267219997278076 ], [ 6.254943464165557, 53.26852454772267 ], [ 6.255763293835003, 53.270836489669264 ], [ 6.251408724147529, 53.277254968970752 ], [ 6.254266057383522, 53.288642838282044 ], [ 6.259903656385464, 53.291075709876921 ], [ 6.26926786236765, 53.290278463828422 ], [ 6.278307175445251, 53.302730935686348 ], [ 6.29025017149119, 53.305377683856264 ], [ 6.294016443954918, 53.308368577244281 ], [ 6.286763298904991, 53.312010364674776 ], [ 6.280503416685089, 53.312581484699457 ], [ 6.286901048804505, 53.341026265805233 ], [ 6.290521643845997, 53.339420315620394 ], [ 6.2928380641599, 53.33492607460456 ], [ 6.292241590949095, 53.338472354368584 ], [ 6.296959596252749, 53.337122251039212 ], [ 6.295684261725126, 53.33890236495553 ], [ 6.29916672055625, 53.339475092233485 ], [ 6.293100242866845, 53.339318545703357 ], [ 6.296928692073878, 53.341177341678403 ], [ 6.292361795223687, 53.339740854724717 ], [ 6.27419154347811, 53.345659658142146 ], [ 6.25857254578935, 53.348805234394632 ], [ 6.2498445390761, 53.349301726971575 ], [ 6.239833551641934, 53.34430696976257 ], [ 6.233055094060401, 53.344159115816893 ], [ 6.232293500405794, 53.352151917308674 ], [ 6.246224678005261, 53.354302562505531 ], [ 6.251876343419517, 53.358171882270653 ], [ 6.256431446616983, 53.357241900477561 ], [ 6.257407240963329, 53.358923224852781 ], [ 6.248376352955129, 53.361652086227977 ], [ 6.240965692336226, 53.358606240920324 ], [ 6.233911414637486, 53.360228841376866 ], [ 6.241836759556491, 53.364955712262223 ], [ 6.237697114652377, 53.369236519993592 ], [ 6.232374928306385, 53.366887958381817 ], [ 6.217586117927299, 53.364128296896183 ], [ 6.20968412725947, 53.367188887521685 ], [ 6.213443360475074, 53.371916909320085 ], [ 6.233707682882567, 53.373218652748328 ], [ 6.207378284034567, 53.376381019283905 ], [ 6.200907057166913, 53.3756652225102 ], [ 6.184454453128137, 53.378534921741611 ], [ 6.185033463841016, 53.382821367765608 ], [ 6.199570572546531, 53.382779597739109 ], [ 6.201686886054363, 53.385588792806281 ], [ 6.196796361643778, 53.390291811857161 ], [ 6.191466791756521, 53.390801606945907 ], [ 6.193504605611056, 53.391979317803134 ], [ 6.191535131686635, 53.392780081547549 ], [ 6.179445276155919, 53.394549845981828 ], [ 6.184821501098563, 53.403277701059785 ], [ 6.198489812097946, 53.402857688427325 ], [ 6.221605296753777, 53.388167870891905 ], [ 6.233509754178292, 53.388964310675831 ], [ 6.236430717044954, 53.391477352691645 ], [ 6.233772854262662, 53.392494601861181 ], [ 6.232761058486343, 53.395455526765147 ], [ 6.218996319351508, 53.397160807049573 ], [ 6.211141313506475, 53.401733884340942 ], [ 6.209244192451921, 53.401322241270179 ], [ 6.20969168411993, 53.405146845913293 ], [ 6.202431300818746, 53.404505744999348 ], [ 6.207155031232321, 53.405331819967792 ], [ 6.206942915415264, 53.406576409808281 ], [ 6.201927357588945, 53.406375455023792 ], [ 6.200684781114235, 53.405108745877058 ], [ 6.192687684105403, 53.408506865730708 ], [ 6.191470882240148, 53.411087445760572 ], [ 6.199942322802372, 53.411634735112806 ], [ 6.196757637480939, 53.408904935967463 ], [ 6.203053482565509, 53.407948600023126 ], [ 6.212273508207064, 53.409599291818978 ], [ 6.211313392567638, 53.411185953723177 ], [ 6.200149330773242, 53.409356648109316 ], [ 6.201240489275824, 53.411130841996524 ], [ 6.202419682124387, 53.409968768096121 ], [ 6.213053136046845, 53.411598304195181 ], [ 6.214725608422762, 53.409215586987706 ], [ 6.24430487361075, 53.415108014944295 ], [ 6.255062162196506, 53.415163229234729 ], [ 6.298261962921305, 53.39999063794798 ], [ 6.306040621339058, 53.392730794941542 ], [ 6.309199813592877, 53.392988262635903 ], [ 6.334823747056372, 53.402599679951159 ], [ 6.340487082549075, 53.408018558866772 ], [ 6.367733670202406, 53.415758591894068 ], [ 6.396404711791542, 53.419928349788293 ], [ 6.404519136461508, 53.41984915093456 ], [ 6.415369961545786, 53.422336639051451 ], [ 6.419475668881397, 53.421456163568145 ], [ 6.467883334585738, 53.424992487870384 ], [ 6.491496253806229, 53.428523351780903 ], [ 6.53765422382336, 53.430616782209967 ], [ 6.537055434176413, 53.427967674246027 ], [ 6.567566430090539, 53.431731011876373 ], [ 6.599397537668755, 53.438266614167595 ], [ 6.639906939489118, 53.452827367611306 ], [ 6.695796107098297, 53.461999137890679 ], [ 6.74599391789119, 53.466012295630556 ], [ 6.778756785299008, 53.460749516321933 ] ] ], [ [ [ 6.42550509382316, 53.518910208930194 ], [ 6.42141451125652, 53.513698122021673 ], [ 6.416260227074649, 53.516512496501669 ], [ 6.414363966927869, 53.524089877856454 ], [ 6.416201727764322, 53.525459347338405 ], [ 6.423705674454674, 53.524775857213434 ], [ 6.4211214475565, 53.524211392324503 ], [ 6.42550509382316, 53.518910208930194 ] ] ], [ [ [ 6.594651608593973, 53.522311405895429 ], [ 6.59829144000815, 53.519841109734266 ], [ 6.592568539559091, 53.520073549122564 ], [ 6.585886037802455, 53.523462501486009 ], [ 6.587000682123091, 53.525417660945685 ], [ 6.594529482665071, 53.52521090211328 ], [ 6.597694200645128, 53.523094382350266 ], [ 6.594651608593973, 53.522311405895429 ] ] ], [ [ [ 6.569945265349459, 53.542034442471802 ], [ 6.607249796547809, 53.53996947349485 ], [ 6.620514322778947, 53.535354288760175 ], [ 6.608088752985835, 53.537981704805915 ], [ 6.598752592252669, 53.536310249585107 ], [ 6.580656538649243, 53.536714118118169 ], [ 6.569945265349459, 53.542034442471802 ] ] ], [ [ [ 6.500161656055089, 53.55363258504574 ], [ 6.509808867919171, 53.546244741043218 ], [ 6.512023671662566, 53.539389197331609 ], [ 6.529383916791273, 53.534917506435633 ], [ 6.532265995081504, 53.532973823765602 ], [ 6.516281150187849, 53.53436073530861 ], [ 6.505850374694256, 53.537584151154455 ], [ 6.498450048504536, 53.541912974035476 ], [ 6.4969281635484, 53.546767380494657 ], [ 6.486899644945991, 53.550613942659396 ], [ 6.482438833946852, 53.546182901143418 ], [ 6.486777934157065, 53.544249875558698 ], [ 6.489809718469297, 53.544569150520331 ], [ 6.50949434972957, 53.533959728362284 ], [ 6.507193742624815, 53.532659293632435 ], [ 6.502897897251143, 53.53526352801606 ], [ 6.495611872804684, 53.532940462558798 ], [ 6.488076889835122, 53.53288271576713 ], [ 6.480728166154107, 53.535383573741342 ], [ 6.473230591892921, 53.535765891473545 ], [ 6.475028403268267, 53.53121066940767 ], [ 6.486118219419948, 53.5271026867103 ], [ 6.488470684346395, 53.523361517960417 ], [ 6.485336551245982, 53.517946679642094 ], [ 6.47886195994124, 53.514012369097081 ], [ 6.470055866708915, 53.530864203968534 ], [ 6.461051326286434, 53.539074509405552 ], [ 6.46198001437722, 53.543028727380516 ], [ 6.46897729741023, 53.547925278483063 ], [ 6.487404993637242, 53.553583153465866 ], [ 6.500161656055089, 53.55363258504574 ] ] ] ] } },
{ "type": "Feature", "properties": { "statcode": "PV21", "jrstatcode": "2025PV21", "statnaam": "Fryslân", "rubriek": "provincie", "id": 2 }, "geometry": { "type": "MultiPolygon", "coordinates": [ [ [ [ 5.367522539561904, 53.076312827461209 ], [ 5.376507076741309, 53.071291032577051 ], [ 5.381019392740884, 53.072581098916551 ], [ 5.385993234668434, 53.069104186076402 ], [ 5.390869972574952, 53.059611806167815 ], [ 5.395457662834192, 53.055373840124197 ], [ 5.375348014458832, 53.056049112865637 ], [ 5.365733631811128, 53.068798644528634 ], [ 5.364640838989399, 53.075740538322989 ], [ 5.367522539561904, 53.076312827461209 ] ] ], [ [ [ 5.267376689765334, 53.252648919259137 ], [ 5.25131636347902, 53.249298691128921 ], [ 5.246255519185054, 53.25387412373199 ], [ 5.247800645584833, 53.255390328643067 ], [ 5.252896584207532, 53.255473394775954 ], [ 5.267376689765334, 53.252648919259137 ] ] ], [ [ [ 5.159757729588556, 53.29616172963496 ], [ 5.159775789245193, 53.296026605495719 ], [ 5.15972497314745, 53.296040238975159 ], [ 5.159757729588556, 53.29616172963496 ] ] ], [ [ [ 5.159757729588556, 53.29616172963496 ], [ 5.156938114679837, 53.292315543165039 ], [ 5.145617401347942, 53.290207487528889 ], [ 5.132949440791736, 53.283776437954458 ], [ 5.121476469801439, 53.281562515380649 ], [ 5.111054874545638, 53.287156866510337 ], [ 5.111150389767954, 53.288782386374777 ], [ 5.121779456821983, 53.292936537905355 ], [ 5.127145801293048, 53.299523019476936 ], [ 5.1411117475226, 53.300264675127664 ], [ 5.157807060178287, 53.2988502127807 ], [ 5.159757729588556, 53.29616172963496 ] ] ], [ [ [ 5.100412484551075, 53.300856435389193 ], [ 5.091371664117997, 53.29502320689636 ], [ 5.088595943497488, 53.297896347011658 ], [ 5.086825899136591, 53.297696195063232 ], [ 5.091406038241622, 53.294586582302017 ], [ 5.087424773009077, 53.296456477019646 ], [ 5.078345863067427, 53.296398464679321 ], [ 5.062962704420682, 53.293995737929492 ], [ 5.046491228582856, 53.28529524107531 ], [ 5.033328916546676, 53.281037561971871 ], [ 4.987624563721363, 53.270921192501469 ], [ 4.972038772291593, 53.264835037839617 ], [ 4.971610290749455, 53.261997865044513 ], [ 4.97874725519362, 53.253873730730838 ], [ 4.979379238526279, 53.248880000021934 ], [ 4.971468769444257, 53.242288513595248 ], [ 4.956445297592305, 53.23771967116182 ], [ 4.937708974220686, 53.227451745949722 ], [ 4.927511770969163, 53.219567526008198 ], [ 4.919407840790634, 53.216219665910344 ], [ 4.879630794193714, 53.214895644327179 ], [ 4.87151228677791, 53.2074244767294 ], [ 4.873275541989638, 53.205866941063675 ], [ 4.86935956747762, 53.204465989661927 ], [ 4.84804442431616, 53.206555979714523 ], [ 4.845011938649826, 53.208081318813555 ], [ 4.853567737690641, 53.222010375338257 ], [ 4.933093382798535, 53.255479622248949 ], [ 4.960510122912632, 53.271128613153756 ], [ 5.001059848383932, 53.289359762518743 ], [ 5.036252795632446, 53.301994479828679 ], [ 5.063990452459899, 53.307844240270498 ], [ 5.094678913902212, 53.305594877163095 ], [ 5.100743589218481, 53.303051092909143 ], [ 5.100412484551075, 53.300856435389193 ] ] ], [ [ [ 6.175818814292096, 53.345990910373182 ], [ 6.176785408589794, 53.344176457423764 ], [ 6.177537159788007, 53.341993724298753 ], [ 6.174410181715483, 53.343929891815364 ], [ 6.175818814292096, 53.345990910373182 ] ] ], [ [ [ 6.168511575378669, 53.359455261741928 ], [ 6.165114328597119, 53.3595514697992 ], [ 6.165272618528557, 53.364759904138502 ], [ 6.168748165549298, 53.360761776788479 ], [ 6.168511575378669, 53.359455261741928 ] ] ], [ [ [ 6.183547485264572, 53.41268496645344 ], [ 6.185027939412929, 53.411405815119814 ], [ 6.180789160046411, 53.413237735860207 ], [ 6.183547485264572, 53.41268496645344 ] ] ], [ [ [ 6.183482498000433, 53.41429160390296 ], [ 6.19101317737457, 53.410692169338645 ], [ 6.187731063563941, 53.410578828665734 ], [ 6.182955493333236, 53.413409980473524 ], [ 6.178388222679508, 53.413773406805731 ], [ 6.158950388952222, 53.408239695463131 ], [ 6.16336919678631, 53.408517837417754 ], [ 6.156452835289294, 53.400522775067486 ], [ 6.154941117792766, 53.392312484610471 ], [ 6.161112096603619, 53.383446067823073 ], [ 6.160372971295823, 53.382633638957643 ], [ 6.157209968355643, 53.384281744932686 ], [ 6.155604291926238, 53.38255085627727 ], [ 6.160504362457825, 53.382078618130677 ], [ 6.164041558323873, 53.378180296151321 ], [ 6.157259720136564, 53.379744816067607 ], [ 6.154400421636289, 53.379295221040124 ], [ 6.157817570554256, 53.378155313164207 ], [ 6.153950444817346, 53.377395991053113 ], [ 6.16416249068085, 53.37766505146984 ], [ 6.162242555731168, 53.365090902541311 ], [ 6.164229731117591, 53.359415989396609 ], [ 6.167741496466361, 53.358685996369374 ], [ 6.167781047103206, 53.349595809141192 ], [ 6.165248969983536, 53.345953272110435 ], [ 6.16762660204795, 53.348737672540665 ], [ 6.170770338418424, 53.344344375529083 ], [ 6.178718365834299, 53.33912749332297 ], [ 6.174083138367647, 53.334076356766218 ], [ 6.178201797854081, 53.320540132317504 ], [ 6.159495748760251, 53.318865714738727 ], [ 6.161501235391672, 53.317975841788083 ], [ 6.159226504929927, 53.3168775172864 ], [ 6.171917819784774, 53.317656028249331 ], [ 6.180952991266889, 53.320681082615472 ], [ 6.175255889085253, 53.332566629191525 ], [ 6.181100371509367, 53.338499293025166 ], [ 6.192448723261022, 53.333255801412392 ], [ 6.195386565726092, 53.33264762190894 ], [ 6.200754023574609, 53.333934629964567 ], [ 6.195790369684213, 53.332924052080038 ], [ 6.191907388470978, 53.333896055764107 ], [ 6.192634581547836, 53.336110120595272 ], [ 6.17501159244681, 53.349811446307207 ], [ 6.175432853810189, 53.354927686135099 ], [ 6.180790502681185, 53.357294888547003 ], [ 6.196794331903967, 53.352685276948186 ], [ 6.196552499553427, 53.341157217946723 ], [ 6.198016683250595, 53.34019174041569 ], [ 6.197305411087108, 53.344133232673691 ], [ 6.201116262474144, 53.343458816070857 ], [ 6.200247190749793, 53.34677461397731 ], [ 6.206687288501961, 53.354731633791502 ], [ 6.217588144183705, 53.35371955054476 ], [ 6.218098422651188, 53.345998929822429 ], [ 6.221419990702874, 53.342246420975421 ], [ 6.228333943129789, 53.339159619170836 ], [ 6.22978912695263, 53.336726639904825 ], [ 6.237887459064618, 53.335077484380122 ], [ 6.222949427398436, 53.345934987780844 ], [ 6.22068687675549, 53.348593220188931 ], [ 6.22273098844219, 53.351522076698522 ], [ 6.228195068085636, 53.344505250342529 ], [ 6.235963404772296, 53.341431046203972 ], [ 6.253635199292715, 53.347978265470076 ], [ 6.273025179896719, 53.34498170888282 ], [ 6.286901048804505, 53.341026265805233 ], [ 6.280503416685089, 53.312581484699457 ], [ 6.286763298904991, 53.312010364674776 ], [ 6.294016443954918, 53.308368577244281 ], [ 6.29025017149119, 53.305377683856264 ], [ 6.278307175445251, 53.302730935686348 ], [ 6.26926786236765, 53.290278463828422 ], [ 6.259903656385464, 53.291075709876921 ], [ 6.254266057383522, 53.288642838282044 ], [ 6.251408724147529, 53.277254968970752 ], [ 6.255763293835003, 53.270836489669264 ], [ 6.254943464165557, 53.26852454772267 ], [ 6.249977289708136, 53.267219997278076 ], [ 6.246863172423747, 53.268295830926746 ], [ 6.237973446654103, 53.261582736068576 ], [ 6.237584186728123, 53.257547158904458 ], [ 6.232173048892785, 53.256747412369478 ], [ 6.23510067936949, 53.253354843677243 ], [ 6.233665183512857, 53.250398998324407 ], [ 6.230318479261676, 53.250426418785509 ], [ 6.231094865674947, 53.245105362359624 ], [ 6.217978238112253, 53.241932130491421 ], [ 6.224972056678058, 53.238592839103106 ], [ 6.21554252297969, 53.236985154815656 ], [ 6.214583935996606, 53.233710697402465 ], [ 6.224632096752965, 53.230073794901486 ], [ 6.225339457465568, 53.22545538154754 ], [ 6.230173320378412, 53.222440431547085 ], [ 6.229988418687427, 53.217818449798315 ], [ 6.224750136963306, 53.214578573340965 ], [ 6.224839620263432, 53.212003823994309 ], [ 6.219242358907387, 53.206129811353833 ], [ 6.209578174623758, 53.199960977454467 ], [ 6.199621421570672, 53.198355319732343 ], [ 6.199830600385461, 53.195322698328788 ], [ 6.193097426731803, 53.189277732384205 ], [ 6.17733700150071, 53.166982764664063 ], [ 6.175677576274714, 53.135076376686825 ], [ 6.205609813682211, 53.115466454684913 ], [ 6.239363959059857, 53.113388825749112 ], [ 6.261684591161832, 53.114292694744961 ], [ 6.274138824602121, 53.111161165463869 ], [ 6.283050305351934, 53.106863137990679 ], [ 6.290565601165267, 53.099829050814826 ], [ 6.315157448505341, 53.09405278464002 ], [ 6.305273761233355, 53.081189548535789 ], [ 6.367810520184601, 53.067359995389864 ], [ 6.362521372211422, 53.033969029095012 ], [ 6.427614708971872, 52.97181540007346 ], [ 6.393435770296862, 52.932843447366764 ], [ 6.333280544507837, 52.906356065205784 ], [ 6.302985255135563, 52.924972366748158 ], [ 6.256593063409256, 52.927641232936004 ], [ 6.247552946602443, 52.923691686162641 ], [ 6.244829592805605, 52.91958699934942 ], [ 6.232291053300591, 52.913438179885944 ], [ 6.206900007036155, 52.890743861189961 ], [ 6.160459547956042, 52.872520776122251 ], [ 6.120994744399524, 52.854649755133131 ], [ 6.087480419982726, 52.843113862688689 ], [ 6.083297784399598, 52.839486976242299 ], [ 6.061512949395506, 52.839296292082544 ], [ 6.052607348006824, 52.837339119689076 ], [ 6.059951033724858, 52.826118536690956 ], [ 6.031168379643614, 52.814990708691695 ], [ 6.024558962546595, 52.822544662635678 ], [ 6.007483397850737, 52.820046468905076 ], [ 5.99650785655816, 52.816561509679659 ], [ 5.990574655407381, 52.821596560818108 ], [ 5.986473074449423, 52.821703121587568 ], [ 5.976174984669167, 52.834748172011928 ], [ 5.973127795318994, 52.842469714403116 ], [ 5.969976268217108, 52.84237532308866 ], [ 5.958731318940835, 52.839765961312168 ], [ 5.955792338084168, 52.837441846163635 ], [ 5.955783673778079, 52.833234569102579 ], [ 5.946247287987606, 52.837424715443568 ], [ 5.930157747360847, 52.835012906904588 ], [ 5.926732157708867, 52.833291768494306 ], [ 5.930115122195552, 52.831356541784373 ], [ 5.923097636703167, 52.831034503323963 ], [ 5.926409573961535, 52.828183444963194 ], [ 5.922946169257385, 52.8275258350928 ], [ 5.924202018826966, 52.823589843310877 ], [ 5.916321230362877, 52.820280337124657 ], [ 5.908583603373417, 52.813712079145532 ], [ 5.900657173528274, 52.811824865473362 ], [ 5.897881478136421, 52.80780331216544 ], [ 5.88257794690252, 52.803919600683429 ], [ 5.879580817917839, 52.801202677854192 ], [ 5.868679640983713, 52.802726229349425 ], [ 5.865636138636162, 52.804650455320264 ], [ 5.859639957763688, 52.804536244399877 ], [ 5.857026771679714, 52.807228860857784 ], [ 5.854802503426849, 52.805518196796911 ], [ 5.843593643370088, 52.805032542601253 ], [ 5.842201968061011, 52.807584265380676 ], [ 5.836101862643068, 52.805954609838047 ], [ 5.83736534585289, 52.808261814500199 ], [ 5.833411154900568, 52.811760618825929 ], [ 5.824154493653732, 52.813297054465551 ], [ 5.81974419827096, 52.817278388588804 ], [ 5.789806672874144, 52.803691485512275 ], [ 5.78438214199708, 52.817475744688792 ], [ 5.748807356744224, 52.839679582668168 ], [ 5.724681986394606, 52.843982241292437 ], [ 5.728663438238734, 52.833398009178573 ], [ 5.712362934948513, 52.838299964078907 ], [ 5.712701292324829, 52.840999258121293 ], [ 5.708841010593638, 52.838485602193607 ], [ 5.710025831088504, 52.84071485277304 ], [ 5.716629810223245, 52.842565747722638 ], [ 5.715263652173532, 52.843283843598201 ], [ 5.709753211940409, 52.841876729787018 ], [ 5.707939606978204, 52.838145574802475 ], [ 5.706163939877255, 52.838785613086806 ], [ 5.707783782804319, 52.841751275254637 ], [ 5.70259865676438, 52.843622460397739 ], [ 5.706056343506884, 52.84075439419275 ], [ 5.703305096828404, 52.837758894549822 ], [ 5.698004895594578, 52.844240204248401 ], [ 5.685150054634626, 52.845944185369149 ], [ 5.683701100349572, 52.84478258958346 ], [ 5.679686099930182, 52.846170503570292 ], [ 5.668237428298315, 52.844644436446053 ], [ 5.669410073887706, 52.841001090341919 ], [ 5.66461470287612, 52.844321491893176 ], [ 5.657598532646777, 52.843695715131048 ], [ 5.653903625756932, 52.847247056423861 ], [ 5.656382443627175, 52.847677194236041 ], [ 5.657248970003251, 52.85399778795675 ], [ 5.644618369760615, 52.860385648458347 ], [ 5.634625072780189, 52.858368268595797 ], [ 5.618465856426093, 52.850966186117063 ], [ 5.601375724149539, 52.851984704641652 ], [ 5.585257300377855, 52.849378363193132 ], [ 5.579995544575518, 52.839732323217198 ], [ 5.567341538132199, 52.834230359057941 ], [ 5.552766841688192, 52.832590021528077 ], [ 5.544853629209564, 52.83306597951205 ], [ 5.526952846957075, 52.837450957464284 ], [ 5.486178894152818, 52.849183899123489 ], [ 5.453665623252203, 52.854706450462821 ], [ 5.44732930946582, 52.851523160579347 ], [ 5.430793441936328, 52.850039289543417 ], [ 5.42612623297661, 52.848135039986886 ], [ 5.414882075955172, 52.850254574175096 ], [ 5.398080909085091, 52.857100516524746 ], [ 5.384202572498206, 52.866520568590587 ], [ 5.373744997816881, 52.871180844667506 ], [ 5.365093684511644, 52.87278404453393 ], [ 5.366403329326267, 52.873548402250897 ], [ 5.363827483854269, 52.876153795123585 ], [ 5.360422423152643, 52.876396165631931 ], [ 5.364716035651956, 52.876887312911919 ], [ 5.36377576158204, 52.878160309409303 ], [ 5.359722565301172, 52.878971566509506 ], [ 5.353676058238568, 52.885985406428247 ], [ 5.358186432350465, 52.885953888384613 ], [ 5.356762672938548, 52.886580408767657 ], [ 5.361317579131044, 52.887558773944605 ], [ 5.352071945659858, 52.886381625267603 ], [ 5.371372676237221, 52.899400257698389 ], [ 5.388793213710377, 52.905436965079566 ], [ 5.393444320792, 52.904707185093201 ], [ 5.401018532569879, 52.906050766405677 ], [ 5.406790151437764, 52.910114020261027 ], [ 5.409288889366393, 52.921508835425762 ], [ 5.401025299237247, 52.939182345674581 ], [ 5.395904883206708, 52.943028963312813 ], [ 5.402279468931263, 52.945213749707207 ], [ 5.402650452781915, 52.943842380941255 ], [ 5.40482164604609, 52.943969104266067 ], [ 5.406391795964665, 52.947034088613215 ], [ 5.402807268818973, 52.946696997716984 ], [ 5.403323265868894, 52.944944666505791 ], [ 5.40262384953114, 52.946750912581201 ], [ 5.406597183337218, 52.947190854285189 ], [ 5.407867686524104, 52.946422215364002 ], [ 5.409115155134575, 52.947887994405086 ], [ 5.406809259222689, 52.956259524338492 ], [ 5.408056991696132, 52.959557986491561 ], [ 5.404532997146238, 52.95977496948435 ], [ 5.410842791928006, 52.960539745702974 ], [ 5.432228543705469, 52.971031626712026 ], [ 5.421824294848484, 52.966330803748789 ], [ 5.417474359071346, 52.968869261448198 ], [ 5.419452777539729, 52.965192508965444 ], [ 5.411333604227733, 52.961294607481371 ], [ 5.412784543298036, 52.96352596580364 ], [ 5.39947217596956, 52.99000705963482 ], [ 5.39679672294423, 53.002819643919317 ], [ 5.407902070605325, 53.013317038262905 ], [ 5.404700528899363, 53.013348379799552 ], [ 5.408094085126401, 53.020297248600158 ], [ 5.397670171442837, 53.023432904911054 ], [ 5.398385486177966, 53.027894124167751 ], [ 5.396108344004021, 53.028629882717716 ], [ 5.396604979421428, 53.03014160173268 ], [ 5.402877094925344, 53.031638465274945 ], [ 5.401063580237095, 53.037696683808619 ], [ 5.406820803404557, 53.033092645895422 ], [ 5.403126294454125, 53.039588130351625 ], [ 5.40458557710697, 53.04724132355458 ], [ 5.403505218393761, 53.04852140127992 ], [ 5.400066965390868, 53.033635521290691 ], [ 5.394287392297576, 53.032127417061901 ], [ 5.384927744954955, 53.044589681840357 ], [ 5.37618825161896, 53.042819500611884 ], [ 5.373626408046337, 53.045705975223079 ], [ 5.380173403547857, 53.047867670132561 ], [ 5.376065472698314, 53.054749589176573 ], [ 5.392935092499839, 53.054838692934773 ], [ 5.395965157199893, 53.051685359954043 ], [ 5.395031014094087, 53.050220175405698 ], [ 5.400888032323044, 53.050464920638788 ], [ 5.396745403640244, 53.050644314425099 ], [ 5.394840391422027, 53.054809926666323 ], [ 5.397089073239862, 53.05480086375141 ], [ 5.399160037012589, 53.051792821357068 ], [ 5.398277454822685, 53.054762900043023 ], [ 5.403753579959805, 53.051744471440841 ], [ 5.392629334165204, 53.063166673866704 ], [ 5.389427034276562, 53.076786992207431 ], [ 5.379409204908884, 53.091650174650432 ], [ 5.374599404868776, 53.091025150703921 ], [ 5.343864930478571, 53.073722479673478 ], [ 5.338068992877088, 53.072729576558167 ], [ 5.339987549621514, 53.066361826451285 ], [ 5.339584390644256, 53.064958617761455 ], [ 5.335058573870373, 53.073706465404882 ], [ 5.337390471779812, 53.064819039261415 ], [ 5.340417680057537, 53.063398710459325 ], [ 5.337081373805569, 53.064867417872122 ], [ 5.333554258790818, 53.072381999960463 ], [ 5.331176680459025, 53.073284398182444 ], [ 5.326640271394449, 53.071363318861039 ], [ 5.322907290942017, 53.071880421731393 ], [ 5.297124965120156, 53.067242620892721 ], [ 5.221807915073756, 53.028095882121143 ], [ 5.210963081725464, 53.020279906250686 ], [ 5.20469927634389, 53.018649499824157 ], [ 5.207226202266516, 53.017069446965401 ], [ 5.202528749614075, 53.01751095076073 ], [ 5.165883070627196, 52.999867188925101 ], [ 5.201905546203276, 53.018764161485507 ], [ 5.201614631987765, 53.02084414779344 ], [ 5.203528784227134, 53.019615049679082 ], [ 5.29323566246758, 53.066552452004828 ], [ 5.301157156404512, 53.069286672996114 ], [ 5.323648783095644, 53.072844156266804 ], [ 5.322956520673338, 53.07906745364447 ], [ 5.326998784527858, 53.07963989261647 ], [ 5.323715168926889, 53.07881608201518 ], [ 5.327360660534854, 53.073017039838426 ], [ 5.332331210377383, 53.074686308643365 ], [ 5.331460739986223, 53.077537517176623 ], [ 5.332918796699479, 53.080315406436526 ], [ 5.334323423080003, 53.079684977732207 ], [ 5.331966222976055, 53.077372310543495 ], [ 5.334875729342418, 53.074191431443523 ], [ 5.334924127397811, 53.077075087336461 ], [ 5.338370348717881, 53.075117150270344 ], [ 5.343711088508384, 53.07607855988973 ], [ 5.3778688741179, 53.094937824055016 ], [ 5.38238604072917, 53.104603404314908 ], [ 5.379019305570148, 53.108061407777846 ], [ 5.400927608358125, 53.117522404800212 ], [ 5.404399552765763, 53.121525938084105 ], [ 5.409707068940051, 53.137411039680018 ], [ 5.412374851359659, 53.156312327644343 ], [ 5.415803093446802, 53.164584568842329 ], [ 5.414986029726324, 53.168910721516582 ], [ 5.411208000259557, 53.169793049428968 ], [ 5.404438105759173, 53.173341766968726 ], [ 5.402962551572894, 53.176032970265418 ], [ 5.404575715607856, 53.173585421196762 ], [ 5.415134440664552, 53.169423619205965 ], [ 5.409396303147076, 53.174629363225002 ], [ 5.411180261034162, 53.173550926030892 ], [ 5.411031875070692, 53.175296504164692 ], [ 5.413881091566814, 53.175583583555493 ], [ 5.413891652803609, 53.176130108939532 ], [ 5.410860405938853, 53.175982591003709 ], [ 5.419227558156744, 53.179088679228499 ], [ 5.414620907992859, 53.179547714292404 ], [ 5.426009449166712, 53.183858660334487 ], [ 5.434957629179162, 53.18906596928877 ], [ 5.438981345430325, 53.193833168666927 ], [ 5.43554026589637, 53.195260848993406 ], [ 5.432334349591111, 53.192515210071896 ], [ 5.434345735874439, 53.190727625844623 ], [ 5.431392112518618, 53.189912026867091 ], [ 5.427537516687452, 53.185475218407959 ], [ 5.413828642217362, 53.182279426481493 ], [ 5.411869910394667, 53.177975264334783 ], [ 5.408854634689478, 53.175578332951041 ], [ 5.406002754386216, 53.175507451837511 ], [ 5.411102509447848, 53.178068511245577 ], [ 5.413245502415738, 53.18277524828757 ], [ 5.42200098823566, 53.185036111997405 ], [ 5.437989280898602, 53.209838123916605 ], [ 5.448775399514963, 53.22029920350365 ], [ 5.461666475940151, 53.226473218431479 ], [ 5.48271929791245, 53.240623468153558 ], [ 5.48969453620407, 53.242036587957266 ], [ 5.527288631786112, 53.257344223510351 ], [ 5.54635282488497, 53.271745179074692 ], [ 5.552850811877287, 53.274774341953915 ], [ 5.561746200343481, 53.285050493615429 ], [ 5.587016414923092, 53.30046713005536 ], [ 5.622388295143366, 53.311185119639241 ], [ 5.625673763966912, 53.310733791085525 ], [ 5.643445503146224, 53.319037247493462 ], [ 5.717368942207003, 53.338914848285448 ], [ 5.717388839466953, 53.340210610055216 ], [ 5.756312314261656, 53.352878026821948 ], [ 5.763501104559338, 53.350572509582484 ], [ 5.767860237723768, 53.354055600211062 ], [ 5.774010770812931, 53.356049497808456 ], [ 5.783049481837661, 53.356477774078328 ], [ 5.788450877072262, 53.35979396426535 ], [ 5.793159265243339, 53.360127630354498 ], [ 5.791672312879568, 53.362411527564596 ], [ 5.813878275123948, 53.36742517732123 ], [ 5.824724620120909, 53.372485097416877 ], [ 5.826348827947374, 53.370860605116306 ], [ 5.832695435677874, 53.372807108466098 ], [ 5.831343104773587, 53.374588045028098 ], [ 5.859504228922439, 53.383675073376082 ], [ 5.863624942275709, 53.383311702682072 ], [ 5.885390298025507, 53.388725660701503 ], [ 5.878394281006886, 53.395572208175139 ], [ 5.887873289995614, 53.390866718608045 ], [ 5.90734243156385, 53.388429949102537 ], [ 5.93313087814843, 53.388308145779106 ], [ 5.96986007343881, 53.395018741294408 ], [ 5.971710123151825, 53.398011810349587 ], [ 5.974475146396816, 53.395850571922203 ], [ 5.97755578069177, 53.396121326921325 ], [ 6.015649158281607, 53.402926725563347 ], [ 6.033701161143609, 53.403325682038719 ], [ 6.069149245606147, 53.407308771163152 ], [ 6.077202061164005, 53.405528670776064 ], [ 6.08178567334882, 53.406401156173217 ], [ 6.085790154986389, 53.40464474249827 ], [ 6.083903356270373, 53.403082369135468 ], [ 6.092186833434615, 53.409588801974039 ], [ 6.094823846574309, 53.40806997853317 ], [ 6.118110985099344, 53.40480325296349 ], [ 6.124044121694907, 53.405446712539984 ], [ 6.139072628973087, 53.403524045819992 ], [ 6.176870914534097, 53.414654753637031 ], [ 6.183482498000433, 53.41429160390296 ] ] ], [ [ [ 5.542850792972565, 53.439316510934724 ], [ 5.548735773716491, 53.435638893930239 ], [ 5.547590943629022, 53.430702555461856 ], [ 5.544482991122263, 53.436266576539843 ], [ 5.540956534550007, 53.433274298080256 ], [ 5.510819562949957, 53.427657661403948 ], [ 5.476334955888373, 53.417473922970785 ], [ 5.474944549620463, 53.410753244872147 ], [ 5.482369344662871, 53.412063290521431 ], [ 5.48109838208298, 53.410064133279072 ], [ 5.469784549497786, 53.406515005640493 ], [ 5.458697564338233, 53.404579880589388 ], [ 5.404471907418968, 53.404611830462507 ], [ 5.383916533554574, 53.401970250914694 ], [ 5.367874888974681, 53.395178230933354 ], [ 5.35679272698329, 53.38776943790694 ], [ 5.344667352257737, 53.383198144283973 ], [ 5.332816390316771, 53.381443489916634 ], [ 5.32488750460491, 53.378217071755884 ], [ 5.313214469031584, 53.380318071910509 ], [ 5.30539831174987, 53.375881389823824 ], [ 5.296539693548111, 53.376134556387449 ], [ 5.298498088735659, 53.37477474987854 ], [ 5.293497871290691, 53.370439304607892 ], [ 5.278181534129224, 53.373366230544235 ], [ 5.267969178689411, 53.371432800338987 ], [ 5.259727950376255, 53.372971817296865 ], [ 5.243556593140265, 53.365464826639453 ], [ 5.237864424403688, 53.367200188501734 ], [ 5.226582051016741, 53.365686345507896 ], [ 5.226038240790987, 53.364402787059056 ], [ 5.222645068199879, 53.363992705050755 ], [ 5.226044745380164, 53.365716432244625 ], [ 5.221254984478545, 53.365145587637038 ], [ 5.216200986731938, 53.35623065042261 ], [ 5.209368481281342, 53.356819479232584 ], [ 5.209066702699228, 53.353445130818422 ], [ 5.19129668823202, 53.34760959944493 ], [ 5.181071843363431, 53.347009649411802 ], [ 5.174552007935199, 53.347787458190609 ], [ 5.172567776383556, 53.349392984920961 ], [ 5.159442611406976, 53.350194987684638 ], [ 5.157279187641105, 53.347974012976991 ], [ 5.151463437247393, 53.350177682280204 ], [ 5.165247626519332, 53.369801068533619 ], [ 5.18554287555819, 53.387850318871514 ], [ 5.19354133837628, 53.392549435319651 ], [ 5.20143873850926, 53.394636629161361 ], [ 5.251225886804576, 53.404089556787667 ], [ 5.37604946382347, 53.42312316657047 ], [ 5.494726599794918, 53.444207552623169 ], [ 5.526185190836241, 53.443480760616886 ], [ 5.542850792972565, 53.439316510934724 ] ] ], [ [ [ 5.694881463326784, 53.461744424192844 ], [ 5.771454812770259, 53.460494815535192 ], [ 5.930623853548702, 53.468281244136136 ], [ 5.958457386115501, 53.464983235324908 ], [ 5.959530232092813, 53.46280294063174 ], [ 5.936561597620447, 53.457296611999944 ], [ 5.910218106207719, 53.457701772403112 ], [ 5.890922339900463, 53.451197484786498 ], [ 5.865129096185519, 53.448086446737094 ], [ 5.804972605068805, 53.437543444940012 ], [ 5.776906422995532, 53.438294395162238 ], [ 5.776253169987345, 53.436527398204561 ], [ 5.775024419555884, 53.43793918501612 ], [ 5.774263276188553, 53.432752079080245 ], [ 5.774486983964904, 53.438108045587839 ], [ 5.772484938573294, 53.439547368881087 ], [ 5.730006810260639, 53.443024748307124 ], [ 5.721954043561229, 53.441714730540127 ], [ 5.715669378283074, 53.43570670806934 ], [ 5.703281194567801, 53.429779794865794 ], [ 5.680362894576441, 53.424654448521522 ], [ 5.643128685358862, 53.427111724140765 ], [ 5.626984906419377, 53.43242825868537 ], [ 5.616429511409734, 53.439516408574846 ], [ 5.613529747010745, 53.446381182173376 ], [ 5.615663900948181, 53.453435718436495 ], [ 5.651621651390339, 53.469634602861248 ], [ 5.66015188629378, 53.471479902502097 ], [ 5.667609452271385, 53.470753779832393 ], [ 5.694881463326784, 53.461744424192844 ] ] ], [ [ [ 6.390691176111475, 53.51052439777628 ], [ 6.361291001232343, 53.504759582151912 ], [ 6.329245115697193, 53.507269840207542 ], [ 6.334779309835877, 53.502598650320358 ], [ 6.330410254496105, 53.500913619905603 ], [ 6.31895568953209, 53.499745554935046 ], [ 6.307971304489831, 53.495580002982692 ], [ 6.27593975458857, 53.48942581861229 ], [ 6.271171030282956, 53.48486611794997 ], [ 6.260010365807574, 53.482918611773449 ], [ 6.262418611040023, 53.480795793674424 ], [ 6.252231765373264, 53.477975904718072 ], [ 6.241070561548582, 53.476575571895971 ], [ 6.227468165560948, 53.477038603858368 ], [ 6.197467894105638, 53.472871994990982 ], [ 6.20199505331549, 53.468238454200431 ], [ 6.195133030463885, 53.472404433124986 ], [ 6.169391204416023, 53.472493443420397 ], [ 6.166566821385785, 53.467924706364592 ], [ 6.165841420369105, 53.471964401149258 ], [ 6.160576178298045, 53.471923711508559 ], [ 6.157068276791289, 53.470385649214975 ], [ 6.155895969654718, 53.466671762559166 ], [ 6.150294439523463, 53.465680952616893 ], [ 6.152165853001754, 53.462086593959484 ], [ 6.150098809493749, 53.460152579059333 ], [ 6.142411606866692, 53.45770758245343 ], [ 6.136267960379941, 53.460356236542083 ], [ 6.137005364192746, 53.462890626041002 ], [ 6.143727049036507, 53.462139878920489 ], [ 6.144408162440842, 53.465212136913195 ], [ 6.136152702286137, 53.467446110884588 ], [ 6.120551026805316, 53.46045530958655 ], [ 6.115395276472484, 53.462907871365971 ], [ 6.118892457160014, 53.48293277510497 ], [ 6.124662242824229, 53.486805477114409 ], [ 6.15030780195544, 53.497115435207135 ], [ 6.229096515495211, 53.505319016238587 ], [ 6.289260247844706, 53.508540069449801 ], [ 6.366921091209784, 53.517355017721968 ], [ 6.388080036179505, 53.517138400723397 ], [ 6.392576540930965, 53.514833884125842 ], [ 6.390691176111475, 53.51052439777628 ] ] ] ] } },
{ "type": "Feature", "properties": { "statcode": "PV22", "jrstatcode": "2025PV22", "statnaam": "Drenthe", "rubriek": "provincie", "id": 3 }, "geometry": { "type": "Polygon", "coordinates": [ [ [ 6.493504905877004, 53.198497018680527 ], [ 6.506844706842157, 53.200145038537769 ], [ 6.513385989039717, 53.196937017803997 ], [ 6.515715198228856, 53.19830814966965 ], [ 6.5304919809406, 53.195559273289348 ], [ 6.53421774809441, 53.184063568163502 ], [ 6.54174391833293, 53.1786103064968 ], [ 6.548188303995569, 53.181097637027811 ], [ 6.559319433348278, 53.169340977865573 ], [ 6.563687461755378, 53.157638374513873 ], [ 6.581496957638259, 53.163530689757692 ], [ 6.583455289430043, 53.158527459601594 ], [ 6.587089330693162, 53.156225957933366 ], [ 6.584642549825113, 53.15430518672305 ], [ 6.587794254699335, 53.145891802445277 ], [ 6.60045633941639, 53.144308814972568 ], [ 6.614400443105886, 53.135556957403132 ], [ 6.613641275230728, 53.132694287265565 ], [ 6.618976872977991, 53.131580855236479 ], [ 6.621763333467514, 53.126350710436768 ], [ 6.630575689852066, 53.119385297180763 ], [ 6.628067782634536, 53.115874611911899 ], [ 6.635781527295583, 53.113396275238209 ], [ 6.637102774274598, 53.108648696057863 ], [ 6.634836257816771, 53.106202076530884 ], [ 6.674926989096316, 53.117524735807095 ], [ 6.695366928276109, 53.121176015112823 ], [ 6.737450956338635, 53.11946172896922 ], [ 6.743253770102584, 53.116568299741758 ], [ 6.936610606468505, 52.992759575556981 ], [ 7.015697681079108, 52.924815655693081 ], [ 7.026854375416079, 52.919037011418801 ], [ 7.04553112117777, 52.915915495723006 ], [ 7.014799274866757, 52.872986578728138 ], [ 7.040286193964238, 52.872818215182264 ], [ 7.043486223700511, 52.865218578090904 ], [ 7.046433017999847, 52.865855601788475 ], [ 7.062726515981981, 52.851468443916666 ], [ 7.065917304685255, 52.85164196687829 ], [ 7.069138155292484, 52.847863670734938 ], [ 7.076236882578872, 52.850030123911658 ], [ 7.072192957146666, 52.845210934661722 ], [ 7.072378654932535, 52.838513899724582 ], [ 7.092739665529197, 52.838196135693074 ], [ 7.0715511855057, 52.810421153902738 ], [ 7.055721112898831, 52.643499535466525 ], [ 7.041732810282874, 52.632710083742964 ], [ 7.035467010525829, 52.634854489834034 ], [ 7.012491632419326, 52.636776581964099 ], [ 7.00187732368027, 52.641918937302691 ], [ 6.992459051167802, 52.641332377908768 ], [ 6.975984696361596, 52.646254670525629 ], [ 6.968319155173479, 52.641830356645663 ], [ 6.9592328150757, 52.641730671373594 ], [ 6.953558168903784, 52.638990394404537 ], [ 6.945427157220303, 52.639342308891749 ], [ 6.938603103939056, 52.637885297268234 ], [ 6.928521878620965, 52.640184850053409 ], [ 6.919257325873423, 52.639845331148223 ], [ 6.916339744394052, 52.641333100713588 ], [ 6.914463774802337, 52.646481614910201 ], [ 6.902938061153966, 52.648593837975461 ], [ 6.897179737726323, 52.651371337012563 ], [ 6.879950278300289, 52.650548316810003 ], [ 6.872810702545419, 52.653270552738995 ], [ 6.864744662892531, 52.649858933719763 ], [ 6.850838565339161, 52.648615175495017 ], [ 6.837460139207171, 52.651943336201803 ], [ 6.818269911349398, 52.647727667560829 ], [ 6.80847288210999, 52.64902221596072 ], [ 6.803210496360869, 52.651870154903115 ], [ 6.79428995122429, 52.650656965712543 ], [ 6.789897459935783, 52.652791614158318 ], [ 6.777430906111106, 52.651660828077581 ], [ 6.767879219689402, 52.646851074059491 ], [ 6.75884835539793, 52.648825444602643 ], [ 6.753451558114349, 52.645806266427556 ], [ 6.752598241588138, 52.648110770471007 ], [ 6.741984042736103, 52.645332887387873 ], [ 6.726398097357318, 52.633220350361121 ], [ 6.710053111744894, 52.627820281038389 ], [ 6.702004531148242, 52.627267051404836 ], [ 6.70091086143047, 52.629400796509927 ], [ 6.706525507477099, 52.639542141108038 ], [ 6.701168703360489, 52.641668372709717 ], [ 6.705383141851224, 52.643320828573181 ], [ 6.708334040325407, 52.648758865457012 ], [ 6.682509173088225, 52.654178509583438 ], [ 6.614526801508529, 52.674049271295011 ], [ 6.552821389712454, 52.665594962035094 ], [ 6.513861463898781, 52.646293767718809 ], [ 6.518532691022408, 52.61408076963361 ], [ 6.512026842164048, 52.613649665850154 ], [ 6.505028418028679, 52.616860142964789 ], [ 6.490902468590064, 52.619155756603192 ], [ 6.478016185958721, 52.618631302333931 ], [ 6.472368731049733, 52.624579261021765 ], [ 6.469965169490716, 52.624985680911983 ], [ 6.464094655014343, 52.623838125567374 ], [ 6.460707527145392, 52.616991427603772 ], [ 6.453476975385102, 52.61395567145393 ], [ 6.442217879266121, 52.615720184058269 ], [ 6.434934370169245, 52.619285543995559 ], [ 6.433803064378485, 52.626409209750264 ], [ 6.431326151571548, 52.628369560054928 ], [ 6.428176485008926, 52.628188499183302 ], [ 6.426036660433753, 52.626512553912413 ], [ 6.426886440704144, 52.624638413643254 ], [ 6.42039779853525, 52.622390114233902 ], [ 6.418232210360621, 52.619045724457919 ], [ 6.412049107736523, 52.619868522530346 ], [ 6.409975445473502, 52.621603608264145 ], [ 6.406217656433063, 52.620419096981202 ], [ 6.406760876306696, 52.617942046449322 ], [ 6.403720254803648, 52.616254218100899 ], [ 6.396318037630048, 52.617779960810651 ], [ 6.384084204030553, 52.612250148694521 ], [ 6.382048259415481, 52.615645496110339 ], [ 6.380252686628686, 52.615021413709549 ], [ 6.376510377655417, 52.616923931654441 ], [ 6.377239350738518, 52.620013453821016 ], [ 6.373618325118225, 52.6233264112279 ], [ 6.374590216012983, 52.628486756603351 ], [ 6.369515611594508, 52.631901198470949 ], [ 6.369051547105605, 52.635639309893541 ], [ 6.363907090116774, 52.638376033242679 ], [ 6.364102333411776, 52.643141677145927 ], [ 6.343596313948654, 52.65115780061447 ], [ 6.341719616459216, 52.653685593520727 ], [ 6.334002897046376, 52.654698862884288 ], [ 6.326340171654623, 52.658958165972244 ], [ 6.325905633559724, 52.662915627284193 ], [ 6.329290121716741, 52.665398458295158 ], [ 6.326938166791151, 52.669206946563683 ], [ 6.319587166594431, 52.670397975190454 ], [ 6.309670373821541, 52.666752931597877 ], [ 6.297562993626467, 52.666369434185988 ], [ 6.295547777955921, 52.662322212525886 ], [ 6.287486929725604, 52.663452600924927 ], [ 6.285490726718195, 52.666991790001433 ], [ 6.279056394253376, 52.669051256916859 ], [ 6.273338909296204, 52.664910160152452 ], [ 6.270067118640723, 52.664794115489258 ], [ 6.265574228200737, 52.667263715036491 ], [ 6.265488593579009, 52.669139098750207 ], [ 6.260535137853612, 52.670477824985689 ], [ 6.25200145325964, 52.669881372345905 ], [ 6.247337724691818, 52.67277560279669 ], [ 6.248365116115928, 52.675616795185832 ], [ 6.243498978738199, 52.678785503776822 ], [ 6.237074549476974, 52.677547642045653 ], [ 6.23284313212624, 52.679109353717209 ], [ 6.23265087932227, 52.681486432978687 ], [ 6.220993952363882, 52.682827613725642 ], [ 6.2187146943423, 52.684377279853713 ], [ 6.219806801429318, 52.685704467255078 ], [ 6.216584426166579, 52.686392844297551 ], [ 6.21249957568071, 52.684632930914127 ], [ 6.201681516883486, 52.684620281535238 ], [ 6.194474830628677, 52.678825046860986 ], [ 6.194229772859433, 52.676629584739679 ], [ 6.192054771478227, 52.676426471952858 ], [ 6.191444465048912, 52.67931984914518 ], [ 6.18786218502019, 52.679613748261005 ], [ 6.18587068916535, 52.682503513492676 ], [ 6.180548205728703, 52.681587873585045 ], [ 6.18420808333761, 52.677207832519414 ], [ 6.181932923846941, 52.676868203159216 ], [ 6.183146848169665, 52.675063274466623 ], [ 6.162996113548568, 52.680061819242567 ], [ 6.169650899088707, 52.686120770486554 ], [ 6.162579865414327, 52.691061151131969 ], [ 6.156606681442304, 52.691957347156219 ], [ 6.151422778458543, 52.702882722176454 ], [ 6.120376223473514, 52.750242462786353 ], [ 6.121597328516486, 52.754210156892029 ], [ 6.132468094210344, 52.75866799431914 ], [ 6.156496419307965, 52.762650138322769 ], [ 6.168525388810378, 52.767093492618343 ], [ 6.172905974006889, 52.773054255543229 ], [ 6.193807864719061, 52.786402806345677 ], [ 6.201730742250688, 52.793696094817086 ], [ 6.177229782604304, 52.813851091568431 ], [ 6.171408177771927, 52.815255504945277 ], [ 6.157643904295625, 52.825035548879619 ], [ 6.149198956909104, 52.828402418387867 ], [ 6.151962155268811, 52.828829686180256 ], [ 6.130451673129389, 52.84387255058585 ], [ 6.128694393238034, 52.847807370316893 ], [ 6.119819889813939, 52.854214943213954 ], [ 6.160459547956042, 52.872520776122251 ], [ 6.206900007036155, 52.890743861189961 ], [ 6.232291053300591, 52.913438179885944 ], [ 6.244829592805605, 52.91958699934942 ], [ 6.247552946602443, 52.923691686162641 ], [ 6.256593063409256, 52.927641232936004 ], [ 6.302985255135563, 52.924972366748158 ], [ 6.333280544507837, 52.906356065205784 ], [ 6.393435770296862, 52.932843447366764 ], [ 6.427614708971872, 52.97181540007346 ], [ 6.362521372211422, 53.033969029095012 ], [ 6.367810520184601, 53.067359995389864 ], [ 6.305273761233355, 53.081189548535789 ], [ 6.315157448505341, 53.09405278464002 ], [ 6.344442859550672, 53.087150569019713 ], [ 6.356620477282122, 53.107084517866753 ], [ 6.36355988538133, 53.107560247350143 ], [ 6.366051891437272, 53.122558348791934 ], [ 6.382612271281861, 53.149570489733819 ], [ 6.38147095938595, 53.153436020838853 ], [ 6.395093718112, 53.163528721334728 ], [ 6.402687250940926, 53.167005663107595 ], [ 6.405469531334326, 53.176282999785798 ], [ 6.407970277615127, 53.178148430334247 ], [ 6.424487530526685, 53.181678021923823 ], [ 6.442866783736723, 53.187740423089224 ], [ 6.447712074699071, 53.196440585061332 ], [ 6.485716829354209, 53.203821257815676 ], [ 6.492725633380468, 53.200736374999515 ], [ 6.493504905877004, 53.198497018680527 ] ] ] } },
{ "type": "Feature", "properties": { "statcode": "PV23", "jrstatcode": "2025PV23", "statnaam": "Overijssel", "rubriek": "provincie", "id": 4 }, "geometry": { "type": "MultiPolygon", "coordinates": [ [ [ [ 5.793692034487129, 52.593473178916064 ], [ 5.797743197608562, 52.590770953675218 ], [ 5.78807810364199, 52.592123375394976 ], [ 5.790331046891736, 52.587389919176303 ], [ 5.785525595680461, 52.592534776641031 ], [ 5.790613403591093, 52.592135072961575 ], [ 5.793692034487129, 52.593473178916064 ] ] ], [ [ [ 5.806660935652828, 52.590742581834036 ], [ 5.811050080810847, 52.591453315342719 ], [ 5.811820380219713, 52.593571632205986 ], [ 5.817047573273706, 52.591701561391083 ], [ 5.807829628001695, 52.589130434100923 ], [ 5.802096027351906, 52.591732548279346 ], [ 5.80035264782379, 52.596995025006102 ], [ 5.805863721118692, 52.596291657577041 ], [ 5.808243132788519, 52.594305478988815 ], [ 5.806660935652828, 52.590742581834036 ] ] ], [ [ [ 5.833956660115772, 52.607286442748936 ], [ 5.834100268660706, 52.605514449527725 ], [ 5.825762907380927, 52.599201465127074 ], [ 5.829686976285082, 52.593009041679352 ], [ 5.824985134298052, 52.593186263601886 ], [ 5.81627744610745, 52.597326393075249 ], [ 5.809876800381451, 52.597905265194115 ], [ 5.801739865717485, 52.602721043154588 ], [ 5.802709860040729, 52.606215598654124 ], [ 5.808474469907955, 52.607319703816614 ], [ 5.816148778371655, 52.604399298578549 ], [ 5.817590109669935, 52.606708757004455 ], [ 5.833956660115772, 52.607286442748936 ] ] ], [ [ [ 6.136794483032992, 52.838917075416639 ], [ 6.151962155268811, 52.828829686180256 ], [ 6.149198956909104, 52.828402418387867 ], [ 6.157643904295625, 52.825035548879619 ], [ 6.171408177771927, 52.815255504945277 ], [ 6.177229782604304, 52.813851091568431 ], [ 6.201730742250688, 52.793696094817086 ], [ 6.193807864719061, 52.786402806345677 ], [ 6.172905974006889, 52.773054255543229 ], [ 6.168525388810378, 52.767093492618343 ], [ 6.156496419307965, 52.762650138322769 ], [ 6.132468094210344, 52.75866799431914 ], [ 6.121597328516486, 52.754210156892029 ], [ 6.120376223473514, 52.750242462786353 ], [ 6.151422778458543, 52.702882722176454 ], [ 6.156606681442304, 52.691957347156219 ], [ 6.162579865414327, 52.691061151131969 ], [ 6.169650899088707, 52.686120770486554 ], [ 6.163959274739764, 52.679473855181215 ], [ 6.183146848169665, 52.675063274466623 ], [ 6.181932923846941, 52.676868203159216 ], [ 6.18420808333761, 52.677207832519414 ], [ 6.180548205728703, 52.681587873585045 ], [ 6.18587068916535, 52.682503513492676 ], [ 6.18786218502019, 52.679613748261005 ], [ 6.191444465048912, 52.67931984914518 ], [ 6.192054771478227, 52.676426471952858 ], [ 6.194229772859433, 52.676629584739679 ], [ 6.194474830628677, 52.678825046860986 ], [ 6.201681516883486, 52.684620281535238 ], [ 6.21249957568071, 52.684632930914127 ], [ 6.216584426166579, 52.686392844297551 ], [ 6.219806801429318, 52.685704467255078 ], [ 6.2187146943423, 52.684377279853713 ], [ 6.220993952363882, 52.682827613725642 ], [ 6.23265087932227, 52.681486432978687 ], [ 6.23284313212624, 52.679109353717209 ], [ 6.237074549476974, 52.677547642045653 ], [ 6.243498978738199, 52.678785503776822 ], [ 6.248365116115928, 52.675616795185832 ], [ 6.247337724691818, 52.67277560279669 ], [ 6.25200145325964, 52.669881372345905 ], [ 6.260535137853612, 52.670477824985689 ], [ 6.265488593579009, 52.669139098750207 ], [ 6.265574228200737, 52.667263715036491 ], [ 6.270067118640723, 52.664794115489258 ], [ 6.273338909296204, 52.664910160152452 ], [ 6.279056394253376, 52.669051256916859 ], [ 6.285490726718195, 52.666991790001433 ], [ 6.287486929725604, 52.663452600924927 ], [ 6.295547777955921, 52.662322212525886 ], [ 6.297562993626467, 52.666369434185988 ], [ 6.309670373821541, 52.666752931597877 ], [ 6.319587166594431, 52.670397975190454 ], [ 6.326938166791151, 52.669206946563683 ], [ 6.329290121716741, 52.665398458295158 ], [ 6.325905633559724, 52.662915627284193 ], [ 6.326340171654623, 52.658958165972244 ], [ 6.334002897046376, 52.654698862884288 ], [ 6.341719616459216, 52.653685593520727 ], [ 6.343596313948654, 52.65115780061447 ], [ 6.364102333411776, 52.643141677145927 ], [ 6.363907090116774, 52.638376033242679 ], [ 6.369051547105605, 52.635639309893541 ], [ 6.369515611594508, 52.631901198470949 ], [ 6.374590216012983, 52.628486756603351 ], [ 6.373618325118225, 52.6233264112279 ], [ 6.377239350738518, 52.620013453821016 ], [ 6.376510377655417, 52.616923931654441 ], [ 6.380252686628686, 52.615021413709549 ], [ 6.382048259415481, 52.615645496110339 ], [ 6.384084204030553, 52.612250148694521 ], [ 6.396318037630048, 52.617779960810651 ], [ 6.403720254803648, 52.616254218100899 ], [ 6.406760876306696, 52.617942046449322 ], [ 6.406217656433063, 52.620419096981202 ], [ 6.409975445473502, 52.621603608264145 ], [ 6.412049107736523, 52.619868522530346 ], [ 6.418232210360621, 52.619045724457919 ], [ 6.42039779853525, 52.622390114233902 ], [ 6.426886440704144, 52.624638413643254 ], [ 6.426036660433753, 52.626512553912413 ], [ 6.428176485008926, 52.628188499183302 ], [ 6.431326151571548, 52.628369560054928 ], [ 6.433803064378485, 52.626409209750264 ], [ 6.434934370169245, 52.619285543995559 ], [ 6.442217879266121, 52.615720184058269 ], [ 6.453476975385102, 52.61395567145393 ], [ 6.460707527145392, 52.616991427603772 ], [ 6.464094655014343, 52.623838125567374 ], [ 6.469965169490716, 52.624985680911983 ], [ 6.472368731049733, 52.624579261021765 ], [ 6.478016185958721, 52.618631302333931 ], [ 6.490902468590064, 52.619155756603192 ], [ 6.505028418028679, 52.616860142964789 ], [ 6.512026842164048, 52.613649665850154 ], [ 6.518532691022408, 52.61408076963361 ], [ 6.513861463898781, 52.646293767718809 ], [ 6.552821389712454, 52.665594962035094 ], [ 6.614526801508529, 52.674049271295011 ], [ 6.682509173088225, 52.654178509583438 ], [ 6.708334040325407, 52.648758865457012 ], [ 6.705383141851224, 52.643320828573181 ], [ 6.701168703360489, 52.641668372709717 ], [ 6.706525507477099, 52.639542141108038 ], [ 6.700860413614461, 52.628320239411842 ], [ 6.713012384825914, 52.626788665973962 ], [ 6.722969639591716, 52.620316385100026 ], [ 6.727288774745401, 52.614927882040405 ], [ 6.718771560383683, 52.588636020589156 ], [ 6.766659903901161, 52.563532729659663 ], [ 6.766692023326292, 52.561636895475026 ], [ 6.752272381340484, 52.559038857670885 ], [ 6.740103234711993, 52.562053473618143 ], [ 6.726646106642846, 52.563057604019363 ], [ 6.716264184179021, 52.548524813402281 ], [ 6.680879905650528, 52.553317438494801 ], [ 6.705332478360745, 52.52100755762001 ], [ 6.697584620905227, 52.486298238587104 ], [ 6.726932881107769, 52.475602066952817 ], [ 6.752734435075178, 52.464110841345665 ], [ 6.774586592321229, 52.459600689779734 ], [ 6.85429758760897, 52.459706256434266 ], [ 6.852541581298989, 52.449913762723789 ], [ 6.861816040462378, 52.451357971957535 ], [ 6.941657490692287, 52.435425736697312 ], [ 6.94730037275631, 52.436621414542671 ], [ 6.961785386533216, 52.443624395274369 ], [ 6.977533755945546, 52.465680753632448 ], [ 6.987623215354184, 52.46976679447156 ], [ 6.993907084222128, 52.465485405907287 ], [ 7.005063235902842, 52.445358328506053 ], [ 7.010808537078598, 52.429131441202884 ], [ 7.021989735781497, 52.422984151619119 ], [ 7.036195377193849, 52.402610746808243 ], [ 7.051387554859268, 52.400231229231366 ], [ 7.055346868697407, 52.401016865888664 ], [ 7.058728205557236, 52.399410240412941 ], [ 7.058770127417595, 52.396258118434901 ], [ 7.063923684105784, 52.39045617852652 ], [ 7.072204707644945, 52.372802526017495 ], [ 7.0721139467531, 52.351890791089929 ], [ 7.056230750089127, 52.337953882746319 ], [ 7.055492720652513, 52.332168734109764 ], [ 7.047179747040125, 52.323744440618881 ], [ 7.048110018577947, 52.319948677364962 ], [ 7.045810491440152, 52.316451396581435 ], [ 7.04742072684893, 52.315206428732814 ], [ 7.038683274216039, 52.312380134511756 ], [ 7.041237501872581, 52.311052571846083 ], [ 7.039492917622814, 52.30762678154295 ], [ 7.02645349874832, 52.291967763367808 ], [ 7.026239182730545, 52.287324374082694 ], [ 7.029547508942422, 52.281526114750108 ], [ 7.027519781321746, 52.277986153171398 ], [ 7.028584212332813, 52.273627135981449 ], [ 7.032062686788472, 52.271664044534965 ], [ 7.042394720868615, 52.256144029575466 ], [ 7.065789503425257, 52.241235028171729 ], [ 7.061283542251652, 52.234711061561008 ], [ 7.037945679209943, 52.227406357889116 ], [ 7.019297234724754, 52.225102732403258 ], [ 7.003476096164244, 52.228589676818018 ], [ 6.989114206198242, 52.226843061066226 ], [ 6.985004527828582, 52.225021040829553 ], [ 6.974084860300094, 52.205402788328939 ], [ 6.951245281299877, 52.181057861192464 ], [ 6.933741491885863, 52.178448262358266 ], [ 6.915628954400471, 52.177613963572476 ], [ 6.906746209018938, 52.175067980469123 ], [ 6.905720061742722, 52.169915237473724 ], [ 6.880458175808479, 52.15600954172524 ], [ 6.881960325129321, 52.155976488341466 ], [ 6.873458517318545, 52.130283683634062 ], [ 6.867088297628722, 52.128071311419845 ], [ 6.855473945823034, 52.120462093059736 ], [ 6.822710322138187, 52.118404259403988 ], [ 6.7162723611826, 52.118270405476508 ], [ 6.697810020440575, 52.12355366983163 ], [ 6.677690595253181, 52.125958951666334 ], [ 6.663003451994669, 52.130001055591961 ], [ 6.674394814787774, 52.142774462735694 ], [ 6.673748235859685, 52.148286599767744 ], [ 6.671309218977705, 52.150458112122244 ], [ 6.673819391025087, 52.152103624949994 ], [ 6.673094993042832, 52.154753296468279 ], [ 6.670610185793815, 52.15642031856251 ], [ 6.674066686628217, 52.161243458865798 ], [ 6.671338904567617, 52.165683196966803 ], [ 6.645040700493845, 52.174194255133031 ], [ 6.640280130439691, 52.167405140730743 ], [ 6.634841499141318, 52.172177291060756 ], [ 6.625839650660656, 52.17249925802632 ], [ 6.624952229628868, 52.168649826472084 ], [ 6.612147207678885, 52.163166303383655 ], [ 6.609270338647149, 52.165143291902162 ], [ 6.607354759181884, 52.164630923544642 ], [ 6.60285133734484, 52.169121311189969 ], [ 6.606326834794967, 52.173082441981322 ], [ 6.589953710921534, 52.18248783610295 ], [ 6.555349472159151, 52.177255563922756 ], [ 6.517641996071342, 52.181267036768631 ], [ 6.49240114007014, 52.177371863953994 ], [ 6.490646945014629, 52.179862976629565 ], [ 6.479031684028356, 52.182599595105678 ], [ 6.469998978379989, 52.192690467611847 ], [ 6.470269541998202, 52.199379789435554 ], [ 6.45728705923815, 52.20096465656794 ], [ 6.446310979561898, 52.212800916416441 ], [ 6.429342281865429, 52.223135801611008 ], [ 6.416807354524147, 52.237126338991906 ], [ 6.416422228279953, 52.242166351854735 ], [ 6.402618864400437, 52.243271709943791 ], [ 6.389863307871805, 52.242559183372251 ], [ 6.383410827445524, 52.244015806648896 ], [ 6.381851467515695, 52.246112806137575 ], [ 6.366851309466937, 52.241532139083034 ], [ 6.351761368385608, 52.241698239384441 ], [ 6.338056879224601, 52.236222948920336 ], [ 6.338708310456894, 52.22715286371286 ], [ 6.325434033916565, 52.226996635966593 ], [ 6.320429190856856, 52.22566908593469 ], [ 6.297942287326826, 52.225529829734612 ], [ 6.296951805920906, 52.229001219289202 ], [ 6.293035060811958, 52.2295124583503 ], [ 6.292829212313474, 52.230827227853233 ], [ 6.271007101961602, 52.227909964655275 ], [ 6.271290920265653, 52.226413631623828 ], [ 6.260835363413882, 52.229070970507465 ], [ 6.257294748831709, 52.227276217187118 ], [ 6.238451853130138, 52.227585584648743 ], [ 6.227766138415904, 52.229755090054695 ], [ 6.222479205737121, 52.228873226935342 ], [ 6.214515295754354, 52.231325237732776 ], [ 6.216948515734997, 52.226473646191089 ], [ 6.203110110559303, 52.229269222786172 ], [ 6.189135621400807, 52.229166511254469 ], [ 6.182530939976306, 52.23382502778346 ], [ 6.178384390510494, 52.23369849652849 ], [ 6.166268837707009, 52.231013772237119 ], [ 6.163028009938142, 52.228522100335766 ], [ 6.168435658229711, 52.22727900686651 ], [ 6.16786515017818, 52.226338599362087 ], [ 6.162499591052327, 52.227916910453786 ], [ 6.168649791114606, 52.220689089441954 ], [ 6.164068756580406, 52.217440649635826 ], [ 6.162172987886009, 52.224166159394422 ], [ 6.147682494911728, 52.227690739077076 ], [ 6.143079310210208, 52.231618325459813 ], [ 6.142236671996248, 52.238455863773112 ], [ 6.15384513692076, 52.244306195950067 ], [ 6.153427537465768, 52.247004510483443 ], [ 6.15002031267596, 52.248315931755641 ], [ 6.143374303683116, 52.246451112219169 ], [ 6.135412340974222, 52.249614658067735 ], [ 6.123865474099704, 52.251481106554088 ], [ 6.125144955739525, 52.256825359020198 ], [ 6.130069095276462, 52.26069138997574 ], [ 6.123627751012903, 52.265034817050477 ], [ 6.121109317734337, 52.272025581163149 ], [ 6.11236468658062, 52.278305040105472 ], [ 6.111321614889548, 52.288210821620737 ], [ 6.105864460742283, 52.292407967313885 ], [ 6.101320378574239, 52.301224771010816 ], [ 6.090902179517345, 52.299989468844693 ], [ 6.084126413024479, 52.301567448530797 ], [ 6.084398033558566, 52.311452102860137 ], [ 6.080990104414897, 52.311902477111609 ], [ 6.079693984190286, 52.317641541185708 ], [ 6.066525111043411, 52.317809111802127 ], [ 6.066086975300347, 52.32025307493516 ], [ 6.070705678723691, 52.321881899257015 ], [ 6.075632414187174, 52.333300161589577 ], [ 6.07405347534287, 52.334523645648154 ], [ 6.076764144533402, 52.33865076005204 ], [ 6.076070119108163, 52.350570293943335 ], [ 6.078009883891522, 52.352426431416376 ], [ 6.087240503660913, 52.353889999047155 ], [ 6.094778511487268, 52.356931059677841 ], [ 6.090712860047002, 52.360444157238469 ], [ 6.080882023470771, 52.362036110467699 ], [ 6.077844927652806, 52.364297060272413 ], [ 6.078203163966864, 52.369046167114291 ], [ 6.082463304485397, 52.372069291549685 ], [ 6.120853832327387, 52.379541971568415 ], [ 6.125829977270932, 52.384058534268021 ], [ 6.12520844874622, 52.392627168392409 ], [ 6.130552716496672, 52.399977689045208 ], [ 6.127579239459069, 52.399617304414122 ], [ 6.119064762234601, 52.402641874563493 ], [ 6.114857081912373, 52.406985379295506 ], [ 6.110806828784856, 52.407812562152969 ], [ 6.114741104917126, 52.414255603627844 ], [ 6.113871943593512, 52.419853255861732 ], [ 6.118244866540685, 52.426643841892677 ], [ 6.116385032308631, 52.430199430269262 ], [ 6.119489293919117, 52.432925717223348 ], [ 6.102294635813014, 52.445771899025068 ], [ 6.103545928864001, 52.453963716689124 ], [ 6.099146867953485, 52.470310500107708 ], [ 6.089267535301642, 52.47681125931669 ], [ 6.07642127709086, 52.480223350033654 ], [ 6.066371184210722, 52.485170772318682 ], [ 6.054220198457415, 52.49978708317915 ], [ 6.040509114104191, 52.506257708034958 ], [ 6.027857495881694, 52.509606198075453 ], [ 6.022851398769132, 52.505331874914646 ], [ 6.01236744405624, 52.505939766242463 ], [ 6.007609954942156, 52.504260030300287 ], [ 5.965309017770499, 52.47644438898795 ], [ 5.958300972587902, 52.484063008325556 ], [ 5.951451501675326, 52.484132756418958 ], [ 5.936879886261965, 52.476499050570467 ], [ 5.935409705107127, 52.477392031479368 ], [ 5.925559444609619, 52.474057585981782 ], [ 5.910228755374046, 52.49719464911793 ], [ 5.887276661879802, 52.516906191691902 ], [ 5.878909752975344, 52.521673288454217 ], [ 5.876205398831457, 52.522025019978109 ], [ 5.865801302973852, 52.518658060938478 ], [ 5.862857616579269, 52.520906212025821 ], [ 5.860418250865469, 52.536172285931094 ], [ 5.861954953540415, 52.537278164974182 ], [ 5.86030895478193, 52.537440114065596 ], [ 5.862524041059208, 52.53812110441627 ], [ 5.860356958782251, 52.53792872725176 ], [ 5.856950304552937, 52.544027182833311 ], [ 5.85857652364846, 52.546953068506298 ], [ 5.857208328824576, 52.552843465612114 ], [ 5.855534028849294, 52.551337024111916 ], [ 5.853334836544805, 52.552525701786351 ], [ 5.85273779978183, 52.555616755227149 ], [ 5.842092766185685, 52.562951741936757 ], [ 5.839917833859656, 52.569711983932244 ], [ 5.832130156137669, 52.576883988361402 ], [ 5.814268865490313, 52.582781693513425 ], [ 5.839531563058938, 52.58156304297173 ], [ 5.838860727360559, 52.583060504089858 ], [ 5.805555436148716, 52.584224229674405 ], [ 5.819929892252362, 52.589002925914208 ], [ 5.814143928601782, 52.586864424717909 ], [ 5.814375118772363, 52.584938047220014 ], [ 5.82854062678577, 52.587109243413309 ], [ 5.839923500723991, 52.582790835648801 ], [ 5.841625567197761, 52.5838118534583 ], [ 5.831708132641619, 52.591510410333939 ], [ 5.835617046349417, 52.59628272721244 ], [ 5.832147875696999, 52.597847773815232 ], [ 5.831956478052526, 52.599983231365684 ], [ 5.836239396252619, 52.60602883270758 ], [ 5.840485416732578, 52.607743915019789 ], [ 5.840646320865956, 52.610429739310348 ], [ 5.899228924124722, 52.618342314031331 ], [ 5.905750168054433, 52.618263893635749 ], [ 5.904823103396174, 52.616459417709173 ], [ 5.906753254074474, 52.615521871882478 ], [ 5.912461575189965, 52.615206498783472 ], [ 5.917272271832351, 52.612744659614201 ], [ 5.931423243269215, 52.613861576493541 ], [ 5.955100528731729, 52.621462795711956 ], [ 5.95838771128408, 52.624800124130395 ], [ 5.976854272894064, 52.622153934303569 ], [ 5.98649690726821, 52.623175249384637 ], [ 5.987174906987368, 52.626930108049784 ], [ 5.989669822333508, 52.625338077913412 ], [ 6.010786503834626, 52.637144284699751 ], [ 6.012861632073048, 52.639744051146337 ], [ 6.020339052585899, 52.637893672095096 ], [ 6.022226768090552, 52.639512185722218 ], [ 6.006441089546515, 52.651501485631911 ], [ 5.999529743310671, 52.654635944329605 ], [ 5.984048064927869, 52.657191648415619 ], [ 5.970814000439275, 52.665188817393989 ], [ 5.941593519481772, 52.670516676289765 ], [ 5.939725865726139, 52.668835247164438 ], [ 5.935147852609884, 52.669233803554256 ], [ 5.933084016205951, 52.671263516168011 ], [ 5.933870298665179, 52.675510458509201 ], [ 5.944707565303115, 52.682712575088182 ], [ 5.962104800177945, 52.690350674222522 ], [ 5.965155429263163, 52.69356972280216 ], [ 5.964825026891277, 52.698104423271253 ], [ 5.959011668664417, 52.70386342352046 ], [ 5.954839010279307, 52.703767625657008 ], [ 5.955315511003246, 52.707261773050234 ], [ 5.951161371143035, 52.711919221711504 ], [ 5.942555031301335, 52.715001999593056 ], [ 5.935559418644984, 52.730251722705596 ], [ 5.921829484094166, 52.751169701389429 ], [ 5.906009446363248, 52.76132555739558 ], [ 5.900054127240127, 52.761195253141096 ], [ 5.896085417085646, 52.762822015055271 ], [ 5.879938535151886, 52.773091565583591 ], [ 5.862083295200251, 52.781022553402579 ], [ 5.850296490711259, 52.784530799425767 ], [ 5.836054309703255, 52.785635095644267 ], [ 5.818791763500077, 52.784696647703889 ], [ 5.818656493205891, 52.787635733404656 ], [ 5.803474410190058, 52.796858701980618 ], [ 5.795177033982416, 52.806521837382419 ], [ 5.81974419827096, 52.817278388588804 ], [ 5.824154493653732, 52.813297054465551 ], [ 5.833411154900568, 52.811760618825929 ], [ 5.83736534585289, 52.808261814500199 ], [ 5.836101862643068, 52.805954609838047 ], [ 5.842201968061011, 52.807584265380676 ], [ 5.843593643370088, 52.805032542601253 ], [ 5.854802503426849, 52.805518196796911 ], [ 5.857026771679714, 52.807228860857784 ], [ 5.859639957763688, 52.804536244399877 ], [ 5.865636138636162, 52.804650455320264 ], [ 5.868679640983713, 52.802726229349425 ], [ 5.879580817917839, 52.801202677854192 ], [ 5.88257794690252, 52.803919600683429 ], [ 5.897881478136421, 52.80780331216544 ], [ 5.900657173528274, 52.811824865473362 ], [ 5.908583603373417, 52.813712079145532 ], [ 5.916321230362877, 52.820280337124657 ], [ 5.924202018826966, 52.823589843310877 ], [ 5.922946169257385, 52.8275258350928 ], [ 5.926409573961535, 52.828183444963194 ], [ 5.923097636703167, 52.831034503323963 ], [ 5.930115122195552, 52.831356541784373 ], [ 5.926732157708867, 52.833291768494306 ], [ 5.930157747360847, 52.835012906904588 ], [ 5.946247287987606, 52.837424715443568 ], [ 5.955783673778079, 52.833234569102579 ], [ 5.955792338084168, 52.837441846163635 ], [ 5.958731318940835, 52.839765961312168 ], [ 5.969976268217108, 52.84237532308866 ], [ 5.973127795318994, 52.842469714403116 ], [ 5.976174984669167, 52.834748172011928 ], [ 5.986473074449423, 52.821703121587568 ], [ 5.990574655407381, 52.821596560818108 ], [ 5.99650785655816, 52.816561509679659 ], [ 6.007483397850737, 52.820046468905076 ], [ 6.024558962546595, 52.822544662635678 ], [ 6.031168379643614, 52.814990708691695 ], [ 6.059951033724858, 52.826118536690956 ], [ 6.052607348006824, 52.837339119689076 ], [ 6.061512949395506, 52.839296292082544 ], [ 6.081000267767655, 52.838732323302587 ], [ 6.087480419982726, 52.843113862688689 ], [ 6.119819889813939, 52.854214943213954 ], [ 6.136794483032992, 52.838917075416639 ] ] ] ] } },
{ "type": "Feature", "properties": { "statcode": "PV24", "jrstatcode": "2025PV24", "statnaam": "Flevoland", "rubriek": "provincie", "id": 5 }, "geometry": { "type": "MultiPolygon", "coordinates": [ [ [ [ 5.863511720159767, 52.520354491981855 ], [ 5.8587700989994, 52.519061528146374 ], [ 5.858729799939808, 52.519809812417158 ], [ 5.863511720159767, 52.520354491981855 ] ] ], [ [ [ 5.862625455876909, 52.523345189294453 ], [ 5.859210634397225, 52.520407310873544 ], [ 5.858630646890674, 52.524569769237061 ], [ 5.860544700323472, 52.525939484064828 ], [ 5.862625455876909, 52.523345189294453 ] ] ], [ [ [ 5.533444869709518, 52.577716087162329 ], [ 5.529431671561263, 52.575102940648911 ], [ 5.525598048153755, 52.577318886698627 ], [ 5.529603678091611, 52.57984015445372 ], [ 5.533444869709518, 52.577716087162329 ] ] ], [ [ [ 5.757927016885874, 52.590754009743449 ], [ 5.756613830874988, 52.588340192510579 ], [ 5.73959207000954, 52.591029041392041 ], [ 5.734126628494668, 52.596748530282433 ], [ 5.734840943802467, 52.602285521288756 ], [ 5.741856184215181, 52.604751372133883 ], [ 5.750571118466787, 52.603883386261053 ], [ 5.754922331356158, 52.6020181924181 ], [ 5.757927016885874, 52.590754009743449 ] ] ], [ [ [ 5.896298374350842, 52.617974690510941 ], [ 5.843008727211804, 52.610750612460848 ], [ 5.88790745805017, 52.620371378362975 ], [ 5.896298374350842, 52.617974690510941 ] ] ], [ [ [ 6.010562595594503, 52.642440052247025 ], [ 5.999268261025499, 52.645701143527297 ], [ 5.999151033298965, 52.647772703435102 ], [ 6.002668402146733, 52.648711497877791 ], [ 6.012315512140625, 52.646555769830506 ], [ 6.013873224916677, 52.645685445286929 ], [ 6.010562595594503, 52.642440052247025 ] ] ], [ [ [ 5.748807356744224, 52.839679582668168 ], [ 5.78438214199708, 52.817475744688792 ], [ 5.789806672874144, 52.803691485512275 ], [ 5.795177033982416, 52.806521837382419 ], [ 5.803474410190058, 52.796858701980618 ], [ 5.818656493205891, 52.787635733404656 ], [ 5.818791763500077, 52.784696647703889 ], [ 5.836054309703255, 52.785635095644267 ], [ 5.850296490711259, 52.784530799425767 ], [ 5.862083295200251, 52.781022553402579 ], [ 5.879938535151886, 52.773091565583591 ], [ 5.896085417085646, 52.762822015055271 ], [ 5.900054127240127, 52.761195253141096 ], [ 5.906009446363248, 52.76132555739558 ], [ 5.921829484094166, 52.751169701389429 ], [ 5.935559418644984, 52.730251722705596 ], [ 5.942555031301335, 52.715001999593056 ], [ 5.951161371143035, 52.711919221711504 ], [ 5.955315511003246, 52.707261773050234 ], [ 5.954839010279307, 52.703767625657008 ], [ 5.959011668664417, 52.70386342352046 ], [ 5.964825026891277, 52.698104423271253 ], [ 5.965155429263163, 52.69356972280216 ], [ 5.962104800177945, 52.690350674222522 ], [ 5.944707565303115, 52.682712575088182 ], [ 5.933870298665179, 52.675510458509201 ], [ 5.933084016205951, 52.671263516168011 ], [ 5.935147852609884, 52.669233803554256 ], [ 5.939725865726139, 52.668835247164438 ], [ 5.941593519481772, 52.670516676289765 ], [ 5.966851667729427, 52.666580183331916 ], [ 5.979546420979964, 52.660495570114819 ], [ 5.983828011805401, 52.656325865202241 ], [ 5.963731302996458, 52.638740185445826 ], [ 5.83178604578738, 52.612538812287276 ], [ 5.745704673555444, 52.612344175072316 ], [ 5.745764315031461, 52.611228284271348 ], [ 5.750200330133128, 52.610744303916462 ], [ 5.745435074613128, 52.610832719045483 ], [ 5.7399070480463, 52.612846524627443 ], [ 5.663326357747358, 52.613045902520206 ], [ 5.653561128243293, 52.615459905357447 ], [ 5.639967752060777, 52.607866833823856 ], [ 5.654765407421471, 52.597336593315795 ], [ 5.755708706647697, 52.581894140891571 ], [ 5.756931841390574, 52.579575822458779 ], [ 5.759877522000928, 52.579612970277779 ], [ 5.760893604835483, 52.581553598913651 ], [ 5.763959485863911, 52.581206069200213 ], [ 5.76143075767486, 52.58108217090917 ], [ 5.761030665449713, 52.579333157634224 ], [ 5.809013851461642, 52.578936525398895 ], [ 5.851727766228613, 52.551218482529599 ], [ 5.85495566590211, 52.545081451489516 ], [ 5.857600673013994, 52.545650356179479 ], [ 5.854979989278768, 52.543040999730259 ], [ 5.857525160472656, 52.519192554096442 ], [ 5.84754795863704, 52.493451672301681 ], [ 5.816111553211265, 52.458851102290687 ], [ 5.817377234821191, 52.457255306994973 ], [ 5.812331663357764, 52.456624066474419 ], [ 5.797058592131296, 52.43883213075636 ], [ 5.777910535235902, 52.428335501391778 ], [ 5.747011187881606, 52.414582538871755 ], [ 5.742338790938133, 52.415304709024504 ], [ 5.743815111854266, 52.413747165079329 ], [ 5.741781531168071, 52.413595784921228 ], [ 5.739775807653849, 52.415308576502461 ], [ 5.726506803363256, 52.416972124709616 ], [ 5.720112719232026, 52.416135397380387 ], [ 5.661469642655515, 52.397937433965566 ], [ 5.645253188091418, 52.390730539149665 ], [ 5.644758612189985, 52.38853991833129 ], [ 5.636709293469111, 52.386186882136649 ], [ 5.636216749653679, 52.384152551766185 ], [ 5.632643150995719, 52.384048608337032 ], [ 5.634392914567421, 52.382568653903405 ], [ 5.6323039451973, 52.383917649819558 ], [ 5.625200775261278, 52.380315352531021 ], [ 5.623335174596703, 52.376612590982738 ], [ 5.615189396293036, 52.370840464661896 ], [ 5.616377676865674, 52.369461300487757 ], [ 5.616203343129057, 52.368737262701401 ], [ 5.615674678634081, 52.368440117821152 ], [ 5.616292923999231, 52.369313882887518 ], [ 5.614734115185288, 52.370565071594157 ], [ 5.610101728874751, 52.36647008208913 ], [ 5.615073814830848, 52.367652480067676 ], [ 5.611090323109141, 52.364404141888961 ], [ 5.613851104265032, 52.364556104439338 ], [ 5.615318687956771, 52.362614069299852 ], [ 5.61282743861596, 52.360865803643485 ], [ 5.611563388575291, 52.363827714898861 ], [ 5.608164530777199, 52.365296025575411 ], [ 5.582382650417874, 52.363072782177071 ], [ 5.563816243112897, 52.367572501885583 ], [ 5.538348636035502, 52.350125666400722 ], [ 5.53721937882651, 52.347229573802601 ], [ 5.541544071105131, 52.337811131641431 ], [ 5.545156297237413, 52.335083184882961 ], [ 5.552835977080959, 52.334152422962298 ], [ 5.548433535161469, 52.327296558192394 ], [ 5.552503042104719, 52.319786098627894 ], [ 5.549094836995805, 52.312071376070818 ], [ 5.546726718649575, 52.311967796962747 ], [ 5.549011184364243, 52.311054870897813 ], [ 5.546844042124059, 52.310382923109266 ], [ 5.5355572580971, 52.29051237103468 ], [ 5.53813747113831, 52.28911217000821 ], [ 5.535166835269154, 52.288745737122177 ], [ 5.528698350135155, 52.274925808388751 ], [ 5.526064551092995, 52.273397042765161 ], [ 5.487946932576463, 52.266300353190303 ], [ 5.488055054853443, 52.267208743025627 ], [ 5.485713496213043, 52.26665863162647 ], [ 5.487087053293388, 52.266603153794271 ], [ 5.48736078678283, 52.265930394966063 ], [ 5.433048000341123, 52.255816026356065 ], [ 5.409645407801144, 52.252612515621507 ], [ 5.401560198747803, 52.253296311142414 ], [ 5.317162081619427, 52.303558737422257 ], [ 5.313903230914413, 52.303100865160275 ], [ 5.315454310289102, 52.304408748301498 ], [ 5.298845609086761, 52.31187111151575 ], [ 5.263336097089056, 52.323866805400186 ], [ 5.223670873325673, 52.332162517788817 ], [ 5.220778281548283, 52.331324366908845 ], [ 5.220127368587469, 52.333948891467408 ], [ 5.220194462566895, 52.33189081499669 ], [ 5.215804351671411, 52.331295453802142 ], [ 5.219711453692315, 52.33049140394791 ], [ 5.212559025377216, 52.329982535572228 ], [ 5.212811171323467, 52.332912138531604 ], [ 5.210295655763771, 52.333796036322887 ], [ 5.208484509265396, 52.332461231260915 ], [ 5.204769362155992, 52.335510249703475 ], [ 5.195176418570049, 52.336494819825752 ], [ 5.14865738884053, 52.328415376005701 ], [ 5.144764005093389, 52.324016458450977 ], [ 5.140932877032176, 52.326070676775025 ], [ 5.139212363149627, 52.325218684794656 ], [ 5.140055158669021, 52.32677544442938 ], [ 5.136961713810593, 52.329344027244751 ], [ 5.141412174808974, 52.328202582893248 ], [ 5.14487478309142, 52.331405557252502 ], [ 5.134170794829292, 52.337889669666652 ], [ 5.135527449407081, 52.339223792610085 ], [ 5.13093917179353, 52.337698409787521 ], [ 5.134569388207297, 52.341381892660429 ], [ 5.131750025115452, 52.342459264214355 ], [ 5.129713018152468, 52.339888835071299 ], [ 5.130976363402987, 52.343459940572963 ], [ 5.133919105608746, 52.343990798626947 ], [ 5.134198806842328, 52.347957714543426 ], [ 5.131245188420882, 52.365457329468249 ], [ 5.12266587930594, 52.374801258085142 ], [ 5.124299394586904, 52.380537971315519 ], [ 5.156757002046374, 52.393107661241984 ], [ 5.161557764704775, 52.399794396304991 ], [ 5.227127452843134, 52.423634457632211 ], [ 5.208256258003074, 52.416368034885842 ], [ 5.22458750483389, 52.41805718313028 ], [ 5.233252660239121, 52.42561597545555 ], [ 5.229867384630148, 52.424692708390822 ], [ 5.258424194477878, 52.435425481693891 ], [ 5.377911013123047, 52.486898792410742 ], [ 5.386467609862066, 52.490267201841078 ], [ 5.394798307116492, 52.490771031224646 ], [ 5.417160599214511, 52.503455394169109 ], [ 5.42017573166949, 52.50353484420409 ], [ 5.419640537164409, 52.504627364318686 ], [ 5.434573998585564, 52.511193894905993 ], [ 5.440582488710167, 52.517811140861937 ], [ 5.43941645465698, 52.518821637080926 ], [ 5.436716252688539, 52.517113709784972 ], [ 5.435482706156791, 52.524472807116737 ], [ 5.434060520365481, 52.526351601728017 ], [ 5.432976283497028, 52.524717296061546 ], [ 5.429782580911426, 52.524895974598138 ], [ 5.429057987326731, 52.527347605079669 ], [ 5.426272185299233, 52.526825273486907 ], [ 5.424993634106983, 52.520828974096148 ], [ 5.425194048113603, 52.526961827068611 ], [ 5.422709127638136, 52.527276518049142 ], [ 5.425537906331366, 52.529667678515018 ], [ 5.427184151181253, 52.53795280788119 ], [ 5.440567036932063, 52.557206210660063 ], [ 5.446145003983975, 52.5610811114569 ], [ 5.45164303203223, 52.563300677111322 ], [ 5.464189861758546, 52.566182304036793 ], [ 5.467352253106037, 52.569253907998835 ], [ 5.455458734538162, 52.593558384207476 ], [ 5.398974567797282, 52.648833834467219 ], [ 5.360342334954662, 52.674179484976044 ], [ 5.352631700151178, 52.677430404937837 ], [ 5.30549431447697, 52.689886273559878 ], [ 5.299204683275065, 52.683218684791179 ], [ 5.293237713556022, 52.681306978936661 ], [ 5.287130054313885, 52.681579335032644 ], [ 5.281432067750456, 52.684389660431293 ], [ 5.292413227366021, 52.685072990973673 ], [ 5.2965508849963, 52.689828495919897 ], [ 5.286883434490551, 52.689895474883429 ], [ 5.287424934642895, 52.691164978836618 ], [ 5.302143733082876, 52.691594575454239 ], [ 5.353661501742647, 52.677738049157902 ], [ 5.361210244438812, 52.674419068325165 ], [ 5.39954884005712, 52.649383235639299 ], [ 5.413217409400554, 52.636005789067013 ], [ 5.415819066404031, 52.637093131123571 ], [ 5.414237521018447, 52.635634788176141 ], [ 5.41706300272538, 52.634572085579379 ], [ 5.415831401341507, 52.633661937511931 ], [ 5.456439140142135, 52.593640397313308 ], [ 5.468555819484693, 52.569640044440121 ], [ 5.464381483023678, 52.565719000353312 ], [ 5.448430967732709, 52.561597255379723 ], [ 5.439835338943776, 52.555512347438331 ], [ 5.426890667499848, 52.535034460218334 ], [ 5.426257999548673, 52.528031065381086 ], [ 5.429066657897742, 52.52741583332736 ], [ 5.430317170269232, 52.529410797147214 ], [ 5.432398533300855, 52.529354210724499 ], [ 5.433093236039965, 52.532425572371082 ], [ 5.434894698086425, 52.527620315197979 ], [ 5.436272023741338, 52.53104841906373 ], [ 5.439421247456735, 52.532875644942955 ], [ 5.436799520230644, 52.531000629490322 ], [ 5.438568930389745, 52.529877797017782 ], [ 5.441813233928534, 52.533138871195987 ], [ 5.442980658702909, 52.532405462705334 ], [ 5.445558548786392, 52.533882234638334 ], [ 5.444120425593231, 52.536240919098418 ], [ 5.442042359608751, 52.535329424101413 ], [ 5.44371431326047, 52.536916473919142 ], [ 5.44757848218856, 52.535217277058351 ], [ 5.45451102801385, 52.546012828629905 ], [ 5.454478251071542, 52.551405453563312 ], [ 5.457792961550338, 52.550101307556091 ], [ 5.462095400174438, 52.552151319924576 ], [ 5.497449443437367, 52.554366706337035 ], [ 5.518991951372554, 52.567400430205566 ], [ 5.51770227593564, 52.568261045347739 ], [ 5.521901373562628, 52.570838711121638 ], [ 5.523317575827376, 52.570072535433397 ], [ 5.558708883255473, 52.592260321368038 ], [ 5.572888477320754, 52.596157418224266 ], [ 5.628315215261227, 52.605358996351136 ], [ 5.649320347413233, 52.614662000977837 ], [ 5.651644638059524, 52.616973323570058 ], [ 5.615913876697082, 52.650628947057939 ], [ 5.60126956302437, 52.657031148711461 ], [ 5.60257806281172, 52.65745982573123 ], [ 5.59874822608014, 52.657548512041188 ], [ 5.602723832538811, 52.657724141875107 ], [ 5.602063255264286, 52.660224162764216 ], [ 5.597353082900861, 52.658800398291461 ], [ 5.598295727574468, 52.660244448044594 ], [ 5.59649146358679, 52.660344988680563 ], [ 5.599105325533832, 52.6609871241685 ], [ 5.593221685219103, 52.660834956915735 ], [ 5.595640180079855, 52.660294819595819 ], [ 5.597840052343067, 52.656446785880291 ], [ 5.591471922281916, 52.660987271722959 ], [ 5.596582871780349, 52.766058106185646 ], [ 5.663405185011767, 52.830086619866371 ], [ 5.669587230982486, 52.831733822780592 ], [ 5.709814962059819, 52.834664429825345 ], [ 5.713081365774214, 52.838027241277956 ], [ 5.728663438238734, 52.833398009178573 ], [ 5.724681986394606, 52.843982241292437 ], [ 5.748807356744224, 52.839679582668168 ] ] ] ] } },
{ "type": "Feature", "properties": { "statcode": "PV25", "jrstatcode": "2025PV25", "statnaam": "Gelderland", "rubriek": "provincie", "id": 6 }, "geometry": { "type": "MultiPolygon", "coordinates": [ [ [ [ 5.605991237698152, 52.363216046779527 ], [ 5.601445541863489, 52.360902755490166 ], [ 5.593330093240843, 52.362826138814363 ], [ 5.598461038307269, 52.363519139249945 ], [ 5.605991237698152, 52.363216046779527 ] ] ], [ [ [ 5.910228755374046, 52.49719464911793 ], [ 5.925559444609619, 52.474057585981782 ], [ 5.935409705107127, 52.477392031479368 ], [ 5.936879886261965, 52.476499050570467 ], [ 5.951451501675326, 52.484132756418958 ], [ 5.958300972587902, 52.484063008325556 ], [ 5.965309017770499, 52.47644438898795 ], [ 6.007609954942156, 52.504260030300287 ], [ 6.01236744405624, 52.505939766242463 ], [ 6.022851398769132, 52.505331874914646 ], [ 6.027857495881694, 52.509606198075453 ], [ 6.040509114104191, 52.506257708034958 ], [ 6.054220198457415, 52.49978708317915 ], [ 6.066371184210722, 52.485170772318682 ], [ 6.07642127709086, 52.480223350033654 ], [ 6.089267535301642, 52.47681125931669 ], [ 6.099146867953485, 52.470310500107708 ], [ 6.103545928864001, 52.453963716689124 ], [ 6.102294635813014, 52.445771899025068 ], [ 6.119489293919117, 52.432925717223348 ], [ 6.116385032308631, 52.430199430269262 ], [ 6.118244866540685, 52.426643841892677 ], [ 6.113871943593512, 52.419853255861732 ], [ 6.114741104917126, 52.414255603627844 ], [ 6.110806828784856, 52.407812562152969 ], [ 6.114857081912373, 52.406985379295506 ], [ 6.119064762234601, 52.402641874563493 ], [ 6.127579239459069, 52.399617304414122 ], [ 6.130552716496672, 52.399977689045208 ], [ 6.12520844874622, 52.392627168392409 ], [ 6.125829977270932, 52.384058534268021 ], [ 6.120853832327387, 52.379541971568415 ], [ 6.082463304485397, 52.372069291549685 ], [ 6.078203163966864, 52.369046167114291 ], [ 6.077844927652806, 52.364297060272413 ], [ 6.080882023470771, 52.362036110467699 ], [ 6.090712860047002, 52.360444157238469 ], [ 6.094778511487268, 52.356931059677841 ], [ 6.087240503660913, 52.353889999047155 ], [ 6.078009883891522, 52.352426431416376 ], [ 6.076070119108163, 52.350570293943335 ], [ 6.076764144533402, 52.33865076005204 ], [ 6.07405347534287, 52.334523645648154 ], [ 6.075632414187174, 52.333300161589577 ], [ 6.070705678723691, 52.321881899257015 ], [ 6.066086975300347, 52.32025307493516 ], [ 6.066525111043411, 52.317809111802127 ], [ 6.079693984190286, 52.317641541185708 ], [ 6.080990104414897, 52.311902477111609 ], [ 6.084398033558566, 52.311452102860137 ], [ 6.084126413024479, 52.301567448530797 ], [ 6.090902179517345, 52.299989468844693 ], [ 6.101320378574239, 52.301224771010816 ], [ 6.105864460742283, 52.292407967313885 ], [ 6.111321614889548, 52.288210821620737 ], [ 6.11236468658062, 52.278305040105472 ], [ 6.121109317734337, 52.272025581163149 ], [ 6.123627751012903, 52.265034817050477 ], [ 6.130069095276462, 52.26069138997574 ], [ 6.125144955739525, 52.256825359020198 ], [ 6.123865474099704, 52.251481106554088 ], [ 6.135412340974222, 52.249614658067735 ], [ 6.143374303683116, 52.246451112219169 ], [ 6.15002031267596, 52.248315931755641 ], [ 6.153427537465768, 52.247004510483443 ], [ 6.15384513692076, 52.244306195950067 ], [ 6.142236671996248, 52.238455863773112 ], [ 6.141707138254351, 52.234172112904723 ], [ 6.147682494911728, 52.227690739077076 ], [ 6.162172987886009, 52.224166159394422 ], [ 6.164068756580406, 52.217440649635826 ], [ 6.168649791114606, 52.220689089441954 ], [ 6.162499591052327, 52.227916910453786 ], [ 6.16786515017818, 52.226338599362087 ], [ 6.168435658229711, 52.22727900686651 ], [ 6.163028009938142, 52.228522100335766 ], [ 6.166268837707009, 52.231013772237119 ], [ 6.178384390510494, 52.23369849652849 ], [ 6.182530939976306, 52.23382502778346 ], [ 6.189135621400807, 52.229166511254469 ], [ 6.203110110559303, 52.229269222786172 ], [ 6.216948515734997, 52.226473646191089 ], [ 6.214515295754354, 52.231325237732776 ], [ 6.222479205737121, 52.228873226935342 ], [ 6.227766138415904, 52.229755090054695 ], [ 6.238451853130138, 52.227585584648743 ], [ 6.257294748831709, 52.227276217187118 ], [ 6.260835363413882, 52.229070970507465 ], [ 6.271290920265653, 52.226413631623828 ], [ 6.271007101961602, 52.227909964655275 ], [ 6.292829212313474, 52.230827227853233 ], [ 6.293035060811958, 52.2295124583503 ], [ 6.296951805920906, 52.229001219289202 ], [ 6.297942287326826, 52.225529829734612 ], [ 6.320429190856856, 52.22566908593469 ], [ 6.325434033916565, 52.226996635966593 ], [ 6.338708310456894, 52.22715286371286 ], [ 6.338056879224601, 52.236222948920336 ], [ 6.349651546646991, 52.241241227951107 ], [ 6.366851309466937, 52.241532139083034 ], [ 6.381851467515695, 52.246112806137575 ], [ 6.383410827445524, 52.244015806648896 ], [ 6.389863307871805, 52.242559183372251 ], [ 6.402618864400437, 52.243271709943791 ], [ 6.416422228279953, 52.242166351854735 ], [ 6.416807354524147, 52.237126338991906 ], [ 6.429342281865429, 52.223135801611008 ], [ 6.446310979561898, 52.212800916416441 ], [ 6.45728705923815, 52.20096465656794 ], [ 6.470269541998202, 52.199379789435554 ], [ 6.469998978379989, 52.192690467611847 ], [ 6.479031684028356, 52.182599595105678 ], [ 6.490646945014629, 52.179862976629565 ], [ 6.49240114007014, 52.177371863953994 ], [ 6.517641996071342, 52.181267036768631 ], [ 6.555349472159151, 52.177255563922756 ], [ 6.589953710921534, 52.18248783610295 ], [ 6.606326834794967, 52.173082441981322 ], [ 6.60285133734484, 52.169121311189969 ], [ 6.607354759181884, 52.164630923544642 ], [ 6.609270338647149, 52.165143291902162 ], [ 6.612147207678885, 52.163166303383655 ], [ 6.624952229628868, 52.168649826472084 ], [ 6.625839650660656, 52.17249925802632 ], [ 6.634841499141318, 52.172177291060756 ], [ 6.640280130439691, 52.167405140730743 ], [ 6.645040700493845, 52.174194255133031 ], [ 6.671338904567617, 52.165683196966803 ], [ 6.674066686628217, 52.161243458865798 ], [ 6.670610185793815, 52.15642031856251 ], [ 6.673094993042832, 52.154753296468279 ], [ 6.673819391025087, 52.152103624949994 ], [ 6.671309218977705, 52.150458112122244 ], [ 6.673748235859685, 52.148286599767744 ], [ 6.674394814787774, 52.142774462735694 ], [ 6.663003451994669, 52.130001055591961 ], [ 6.677690595253181, 52.125958951666334 ], [ 6.697810020440575, 52.12355366983163 ], [ 6.7162723611826, 52.118270405476508 ], [ 6.760572330352168, 52.118779933641186 ], [ 6.756304806879146, 52.096929432727542 ], [ 6.755002498300053, 52.094862712295672 ], [ 6.750284203236054, 52.09577815679998 ], [ 6.744776320027059, 52.093123495735199 ], [ 6.745496107888002, 52.090067438626996 ], [ 6.751086897025158, 52.085476835575385 ], [ 6.735470597988412, 52.074633957393161 ], [ 6.694662799428881, 52.069800443352371 ], [ 6.696867691090385, 52.067343717157044 ], [ 6.695873813055932, 52.064265013296094 ], [ 6.689570622544516, 52.056453019011173 ], [ 6.68680677283062, 52.055518759073479 ], [ 6.687852920860575, 52.039856152367989 ], [ 6.714134233215892, 52.040064709123548 ], [ 6.752977239695118, 52.028405566840213 ], [ 6.7640882716079, 52.022310900144753 ], [ 6.766307129775132, 52.018782203669943 ], [ 6.771677905387831, 52.017969037983363 ], [ 6.811410510788284, 51.998096469809987 ], [ 6.807798670677964, 51.994967440507232 ], [ 6.826607409481781, 51.993527381969407 ], [ 6.830351759198966, 51.986192271497217 ], [ 6.8296289227175, 51.979388536263727 ], [ 6.832801617279239, 51.971806630308286 ], [ 6.828528883892781, 51.964105434480715 ], [ 6.813837288734737, 51.963633064643197 ], [ 6.812460965789487, 51.961833268539429 ], [ 6.79886770471488, 51.95871561389275 ], [ 6.797270825149345, 51.942552516857525 ], [ 6.79399075591528, 51.935293508859878 ], [ 6.785977181302179, 51.931189316629421 ], [ 6.78894467484777, 51.929656593047959 ], [ 6.770035745460747, 51.916198881540844 ], [ 6.75402637778782, 51.912623272965632 ], [ 6.754399039800161, 51.910066585982797 ], [ 6.751264281019086, 51.907239868876005 ], [ 6.737132444578672, 51.904681239581336 ], [ 6.732497790811254, 51.898722651760593 ], [ 6.721969498354464, 51.896063336688449 ], [ 6.703220996272588, 51.906395467722362 ], [ 6.703802551323973, 51.90940789630033 ], [ 6.697667207026361, 51.90987011929213 ], [ 6.695346143114944, 51.915868234662618 ], [ 6.692650086132542, 51.914716969967472 ], [ 6.684248589442751, 51.916096959385087 ], [ 6.684224496090803, 51.917590753141397 ], [ 6.674789349391419, 51.915937773810889 ], [ 6.637717053276859, 51.904454672018034 ], [ 6.634173722132442, 51.90100537838871 ], [ 6.625309918655221, 51.901941876961253 ], [ 6.585779943263816, 51.894081976558581 ], [ 6.569130128212923, 51.888109366464853 ], [ 6.560864767382655, 51.884015642079191 ], [ 6.560337094899848, 51.88219545173358 ], [ 6.555862873217488, 51.881804686757597 ], [ 6.552425542958566, 51.886191419205304 ], [ 6.548363006476167, 51.885346655679207 ], [ 6.549250507587732, 51.883142938758411 ], [ 6.544150632829223, 51.884609794463934 ], [ 6.539898610125059, 51.880916187432341 ], [ 6.524572489435439, 51.873692245365881 ], [ 6.515609088322875, 51.873521383202082 ], [ 6.50319311268385, 51.867633608348143 ], [ 6.501060686387857, 51.868000099243247 ], [ 6.50220789906648, 51.864705240715985 ], [ 6.500290982397377, 51.862272387714107 ], [ 6.482512347697274, 51.856836047843032 ], [ 6.477053564275518, 51.856659600571163 ], [ 6.472507803638056, 51.853823020237229 ], [ 6.464383725104011, 51.855287288494189 ], [ 6.451089076579732, 51.865245997423401 ], [ 6.446672616896233, 51.865005554072397 ], [ 6.443673974761905, 51.86266711965628 ], [ 6.432362758515145, 51.859382927531691 ], [ 6.429436134341518, 51.860714532142154 ], [ 6.427360648156642, 51.865861760281767 ], [ 6.418574396792076, 51.867247528454307 ], [ 6.412253357063815, 51.871096415107544 ], [ 6.410170207747178, 51.869554564595376 ], [ 6.406754017988829, 51.870767691989904 ], [ 6.402474967130028, 51.86913735351402 ], [ 6.398371939562929, 51.870976649293468 ], [ 6.396745912246704, 51.870333885319006 ], [ 6.390566089223392, 51.873968066111047 ], [ 6.386967234120437, 51.864955376167522 ], [ 6.38803447702576, 51.861899121832927 ], [ 6.408953208407314, 51.853346156533831 ], [ 6.40237740102866, 51.844540990196727 ], [ 6.408089205781399, 51.835880696249426 ], [ 6.402953573526986, 51.836544332907614 ], [ 6.407491142212202, 51.828089471159423 ], [ 6.401818359678158, 51.827262653444578 ], [ 6.389543741728753, 51.83329514543847 ], [ 6.382224233109601, 51.834781774572647 ], [ 6.373704739940138, 51.834759431881949 ], [ 6.368722918174809, 51.833257388947871 ], [ 6.363330561499401, 51.835155875580618 ], [ 6.364061210986478, 51.838440581130691 ], [ 6.360257498577569, 51.845799070865269 ], [ 6.345179578374518, 51.850957468336546 ], [ 6.320503661247897, 51.851683769543769 ], [ 6.306203000939815, 51.849078200618507 ], [ 6.300504100827486, 51.864509462612538 ], [ 6.298222402934918, 51.865943341512128 ], [ 6.29900631678627, 51.867826216806847 ], [ 6.279906837360218, 51.874069701477005 ], [ 6.269366096741788, 51.873915195318212 ], [ 6.262223065842539, 51.868243147529462 ], [ 6.234804465814902, 51.870003524928904 ], [ 6.215056951750129, 51.867626204081908 ], [ 6.202651355539649, 51.87171981563656 ], [ 6.183549378333788, 51.882531202684092 ], [ 6.182010070299942, 51.885777641218581 ], [ 6.191423285279321, 51.887372141823718 ], [ 6.189604321569054, 51.888788616083936 ], [ 6.191085062565459, 51.891657101384588 ], [ 6.182558099479808, 51.893906807374186 ], [ 6.169769251777336, 51.901287060144718 ], [ 6.165632880606968, 51.898596472615601 ], [ 6.156225312051501, 51.905244855860474 ], [ 6.125672608498169, 51.898201333322362 ], [ 6.117889417299797, 51.901659139819607 ], [ 6.114821220286343, 51.897720466002696 ], [ 6.111538360896936, 51.89861508600714 ], [ 6.110175977782941, 51.894942860203649 ], [ 6.103474459279112, 51.892483467775918 ], [ 6.11822419150105, 51.892012601375242 ], [ 6.137127114737634, 51.885802731227386 ], [ 6.143609998672259, 51.876251177376382 ], [ 6.144539096356903, 51.869744510781437 ], [ 6.150782429050008, 51.866186270460993 ], [ 6.166918465421066, 51.861642050380375 ], [ 6.163606649317376, 51.853444753085903 ], [ 6.166559804870889, 51.840721640758133 ], [ 6.135771094479125, 51.847169409515644 ], [ 6.09952025983907, 51.849390928589138 ], [ 6.089555815702552, 51.85259699986505 ], [ 6.063485553200236, 51.865451224201117 ], [ 6.059602361006504, 51.857654737259104 ], [ 6.051423581591931, 51.856661225988645 ], [ 6.055304602921845, 51.852354123005732 ], [ 6.041683528908092, 51.847011937897832 ], [ 6.035670506364077, 51.842638042627065 ], [ 6.033416313150708, 51.843353106167321 ], [ 6.032682246410687, 51.84235152113002 ], [ 6.0291530999767, 51.845123210694169 ], [ 6.017838962086222, 51.841559733258563 ], [ 6.016043333579851, 51.838242418623935 ], [ 6.002256778353844, 51.832490537897058 ], [ 5.98673735948246, 51.83066988261799 ], [ 5.968961695847082, 51.834074840742652 ], [ 5.962978205974486, 51.836913959386585 ], [ 5.945044709006385, 51.823544020093642 ], [ 5.958150801916101, 51.816931292599904 ], [ 5.952846876422528, 51.814789605000662 ], [ 5.948077947920924, 51.816446184275904 ], [ 5.946569887808637, 51.813479917722937 ], [ 5.949421889589616, 51.812443069491948 ], [ 5.947977864185113, 51.811371373218975 ], [ 5.956379517201072, 51.81009147000178 ], [ 5.963079178487161, 51.807059190099437 ], [ 5.979065335774125, 51.797650663707856 ], [ 5.974391910676703, 51.795623078094017 ], [ 5.976782097924301, 51.794276170601862 ], [ 5.972632482453553, 51.789565292260725 ], [ 5.975009532382026, 51.788807804288396 ], [ 5.974548401873862, 51.785061975683021 ], [ 5.979538839004037, 51.785977077686468 ], [ 5.981765611861403, 51.784136705500934 ], [ 5.984678684445408, 51.785057134586445 ], [ 5.987887788434451, 51.782888727804362 ], [ 5.990427036698373, 51.783197491888345 ], [ 5.983431933883704, 51.778725034356562 ], [ 5.982359842372315, 51.773697008094985 ], [ 5.99206697193654, 51.7702459074671 ], [ 5.990501099636178, 51.766277307165247 ], [ 5.978290044785134, 51.759710013539419 ], [ 5.956824762779081, 51.751938500344352 ], [ 5.951988190985366, 51.748949418617649 ], [ 5.951952505425363, 51.744370648874352 ], [ 5.943962071845108, 51.741816813114333 ], [ 5.932766879663456, 51.741938447324898 ], [ 5.929948271667801, 51.744428468273426 ], [ 5.933323245547478, 51.74809858598838 ], [ 5.915133553614806, 51.752536589920084 ], [ 5.91111459385341, 51.76240566183089 ], [ 5.90537579898827, 51.7656838191145 ], [ 5.893409258369347, 51.777852924973807 ], [ 5.886374560436388, 51.778590454571535 ], [ 5.867893198232532, 51.775521020737237 ], [ 5.869244699343948, 51.762860476098766 ], [ 5.864468842426048, 51.757681722021992 ], [ 5.852149570736835, 51.759317376532508 ], [ 5.842415872445692, 51.758812089037278 ], [ 5.809467519159538, 51.756533932437826 ], [ 5.779665513837515, 51.752211958434515 ], [ 5.769298547539311, 51.752347156570181 ], [ 5.757958543871319, 51.75418822171423 ], [ 5.745238552925835, 51.75914449326249 ], [ 5.729745375124904, 51.772851048219188 ], [ 5.705976541168296, 51.776255096876362 ], [ 5.693716155966911, 51.787740958197446 ], [ 5.685789719929982, 51.79119314644651 ], [ 5.663350802349167, 51.794534424719316 ], [ 5.653913756206687, 51.801151832901347 ], [ 5.646574635367746, 51.81303035809907 ], [ 5.641304553355464, 51.817891908929155 ], [ 5.635214683589019, 51.81954367863635 ], [ 5.617812883383226, 51.820055577916257 ], [ 5.606235317806525, 51.82530003058379 ], [ 5.588848392526304, 51.82969957167564 ], [ 5.55815836948093, 51.827526703743544 ], [ 5.552147179923372, 51.82496722141326 ], [ 5.545284523634034, 51.817434346747184 ], [ 5.535633875200599, 51.816574373095193 ], [ 5.517734242069691, 51.819283919719155 ], [ 5.503255128253, 51.8287639049381 ], [ 5.496006274812846, 51.830604485028992 ], [ 5.490190299706195, 51.830508636262174 ], [ 5.481839802248524, 51.827066381013346 ], [ 5.47421458851921, 51.814641380116747 ], [ 5.46448038020988, 51.811186592895453 ], [ 5.439403921526384, 51.809709485668918 ], [ 5.429255146567062, 51.811367437585709 ], [ 5.422292288115641, 51.814558473051669 ], [ 5.414885448888101, 51.821290186438794 ], [ 5.406058210096417, 51.822420195474272 ], [ 5.401706346127796, 51.820892798475739 ], [ 5.369038904155726, 51.789816198583843 ], [ 5.362538883477008, 51.779463687787612 ], [ 5.359927399756343, 51.760587437486116 ], [ 5.357568156552572, 51.757890339808078 ], [ 5.353514362603139, 51.755477250257485 ], [ 5.322041220280864, 51.746523629932312 ], [ 5.30033868043625, 51.737287437405143 ], [ 5.291652399618709, 51.737262712474589 ], [ 5.283284992705538, 51.739776826965858 ], [ 5.268538278183074, 51.739647414415856 ], [ 5.249679661526798, 51.733580706682332 ], [ 5.244678520280184, 51.734421235516358 ], [ 5.231103772468127, 51.741303936727171 ], [ 5.216347456321717, 51.743451172921304 ], [ 5.195524362743061, 51.740273186983856 ], [ 5.168836828788013, 51.743073866135482 ], [ 5.126608001626234, 51.737928969100714 ], [ 5.126335921961405, 51.745021483112822 ], [ 5.138112603266311, 51.750726292466382 ], [ 5.142713817062305, 51.755210226423642 ], [ 5.135890658785915, 51.760319744706933 ], [ 5.139649074170331, 51.770219389493931 ], [ 5.137580795151413, 51.772905259969548 ], [ 5.118645301248375, 51.777812653890813 ], [ 5.104858127900156, 51.785725087590521 ], [ 5.095890395173819, 51.787647585388903 ], [ 5.087201835146672, 51.785095481325705 ], [ 5.078539165220533, 51.779563744456425 ], [ 5.069854877758615, 51.779548783604447 ], [ 5.061043559413442, 51.785282721625158 ], [ 5.048146340110459, 51.798113901082559 ], [ 5.026178724197704, 51.80396497031137 ], [ 5.015970383753096, 51.808221860838842 ], [ 5.010307524648761, 51.813010445251315 ], [ 5.009344103960625, 51.817512037203606 ], [ 5.000363907649196, 51.820933382773731 ], [ 5.026351766763361, 51.81885673991696 ], [ 5.031415001585676, 51.841084802418273 ], [ 4.999296319520618, 51.844599880833691 ], [ 4.998305130534676, 51.854861514160824 ], [ 4.993967838095062, 51.861222725681316 ], [ 4.995964976506217, 51.861848551960058 ], [ 5.005247918789366, 51.857933318261686 ], [ 5.015628107501588, 51.859178052113116 ], [ 5.043734655703735, 51.859229917033332 ], [ 5.052999413724212, 51.857360683930629 ], [ 5.059185483862137, 51.858154483554017 ], [ 5.063624061341796, 51.860598834273929 ], [ 5.052198839889445, 51.866643008844925 ], [ 5.052310581203277, 51.869984486887425 ], [ 5.055362254895168, 51.873040931805583 ], [ 5.063387690923341, 51.874409771667821 ], [ 5.073041267176885, 51.874048011303231 ], [ 5.081277245511439, 51.876005267931504 ], [ 5.086585882493342, 51.881124548785245 ], [ 5.090364595448436, 51.888654490017522 ], [ 5.112736806283508, 51.887776179926647 ], [ 5.117582198878412, 51.892366345875367 ], [ 5.117028798882866, 51.898175926883482 ], [ 5.119672750625911, 51.898245199205313 ], [ 5.132376937200629, 51.914860402888181 ], [ 5.136571766777252, 51.914693319737331 ], [ 5.135674745403974, 51.918222742415885 ], [ 5.148459847748602, 51.929485190584082 ], [ 5.147963229906769, 51.932154956248354 ], [ 5.151467134150006, 51.933615253480909 ], [ 5.180226656080335, 51.967448325528885 ], [ 5.198845475017988, 51.960197769865673 ], [ 5.205988819877731, 51.95943248301824 ], [ 5.213435454460688, 51.960653268021439 ], [ 5.223956865572222, 51.967814079864823 ], [ 5.229912519749953, 51.975648958906241 ], [ 5.236867077139563, 51.978757477242247 ], [ 5.242270383430723, 51.978729718402128 ], [ 5.256271137668384, 51.970941399161738 ], [ 5.27037360372902, 51.965426621311998 ], [ 5.300894137080279, 51.961568560012807 ], [ 5.316600706381483, 51.955220939621356 ], [ 5.323439143698774, 51.955097105622073 ], [ 5.333118383129909, 51.957200904359361 ], [ 5.34825522327628, 51.967686327858225 ], [ 5.355638266108868, 51.970353852448547 ], [ 5.382798343101973, 51.969263944042972 ], [ 5.39097606792198, 51.970730196704316 ], [ 5.418155579527132, 51.9766057037629 ], [ 5.430399878984731, 51.98326509845802 ], [ 5.442408233860953, 51.985947527843066 ], [ 5.457011991660739, 51.98368404978995 ], [ 5.486214004563034, 51.983826443185897 ], [ 5.510979363292189, 51.973643226088619 ], [ 5.540208133629514, 51.967281506987376 ], [ 5.549561074079531, 51.95919689303178 ], [ 5.556933776462782, 51.955711024308037 ], [ 5.586616586992887, 51.950828947845253 ], [ 5.605939647188888, 51.943124784533687 ], [ 5.616427933586841, 51.949353544818379 ], [ 5.620437269038637, 51.948324781117677 ], [ 5.620162494552839, 51.951498111213951 ], [ 5.627308561987814, 51.952473304799398 ], [ 5.626495188147675, 51.957365744453952 ], [ 5.620258227663947, 51.96658232589909 ], [ 5.626064193314598, 51.974070063653436 ], [ 5.615059958046436, 51.982716940852811 ], [ 5.613812804988989, 51.99034278058722 ], [ 5.609972265310212, 51.993691533437378 ], [ 5.602515013823605, 51.994997828439175 ], [ 5.591997672005076, 52.001392291517718 ], [ 5.591112700389702, 52.007301473511255 ], [ 5.586014621817013, 52.01177628058457 ], [ 5.586922245868601, 52.015713176485825 ], [ 5.589621609857192, 52.015594816331173 ], [ 5.59024210059525, 52.020266739457604 ], [ 5.587199848846056, 52.020448656253251 ], [ 5.586711623441599, 52.031290422569512 ], [ 5.589588678144562, 52.031176589689295 ], [ 5.589960903929207, 52.034411442370804 ], [ 5.567400900535961, 52.040624906133388 ], [ 5.570852936752804, 52.047996988687004 ], [ 5.557903285826308, 52.048865119387315 ], [ 5.560729348082988, 52.067501496460196 ], [ 5.55921055927358, 52.071033701329888 ], [ 5.562746193632107, 52.078277984195068 ], [ 5.560753881642205, 52.084210689140278 ], [ 5.556687259441548, 52.085482762665634 ], [ 5.557053037986816, 52.086867293507972 ], [ 5.554927352548169, 52.086510280243203 ], [ 5.55442927028402, 52.095391918009973 ], [ 5.550542421320212, 52.096676362621587 ], [ 5.554235791800082, 52.100151219574173 ], [ 5.55034258754902, 52.105419542474245 ], [ 5.545291792114641, 52.104390041736025 ], [ 5.546302197375958, 52.102443637308447 ], [ 5.544012636740614, 52.101948898339501 ], [ 5.541539925291246, 52.103737096566029 ], [ 5.531543293471544, 52.102266960379659 ], [ 5.532816949823165, 52.099983881705754 ], [ 5.539160181441284, 52.097813705696353 ], [ 5.535079190075906, 52.092874623505153 ], [ 5.538293934641316, 52.092689728891671 ], [ 5.537118480633666, 52.088643810940752 ], [ 5.530856074381417, 52.089774388213087 ], [ 5.526634174081152, 52.08490339975986 ], [ 5.531306078118361, 52.08393924218872 ], [ 5.53114218791944, 52.082279530298116 ], [ 5.522654413224589, 52.077542117545832 ], [ 5.519413929384976, 52.079206848876275 ], [ 5.50992265132536, 52.079050177476908 ], [ 5.509112976397573, 52.076977035543386 ], [ 5.505003289736721, 52.076742310739284 ], [ 5.504584378402764, 52.073349622226786 ], [ 5.499882446522591, 52.071335205614368 ], [ 5.494067152228347, 52.071908291244021 ], [ 5.484358761825482, 52.069452115977377 ], [ 5.467373875825762, 52.07549204945942 ], [ 5.46565333242422, 52.078288187080759 ], [ 5.459242922467761, 52.080225752928747 ], [ 5.459678098559761, 52.082003409672453 ], [ 5.46405356642964, 52.083056177185533 ], [ 5.471835257730521, 52.089302218300723 ], [ 5.486082696439794, 52.093656769437729 ], [ 5.484301742753559, 52.105542117718599 ], [ 5.493861741262752, 52.111097263206148 ], [ 5.493921916558556, 52.112764078045622 ], [ 5.486447088276168, 52.115359736324969 ], [ 5.498916518954085, 52.116017637180086 ], [ 5.503867802904341, 52.113745333660304 ], [ 5.507702067276892, 52.113896963690216 ], [ 5.507551426419967, 52.115616009269587 ], [ 5.503755992024412, 52.116585633087986 ], [ 5.505353945037485, 52.119750446668135 ], [ 5.496917681310252, 52.119557487006119 ], [ 5.494704700674303, 52.124717634021586 ], [ 5.496759075113313, 52.124814284347963 ], [ 5.497913059059925, 52.130282891862343 ], [ 5.511667584301198, 52.132050509605264 ], [ 5.514079390291934, 52.135923062822464 ], [ 5.49730624282156, 52.141443501204648 ], [ 5.498984666916545, 52.147361429640888 ], [ 5.48134176553574, 52.150500974372356 ], [ 5.484317295704737, 52.158063855116744 ], [ 5.481495536102809, 52.158297308814319 ], [ 5.482116095322874, 52.159795681924713 ], [ 5.479196697128446, 52.161360738073512 ], [ 5.472433304005097, 52.162850865932846 ], [ 5.479922362585093, 52.165814554991165 ], [ 5.446537567487392, 52.168023323062435 ], [ 5.439875543340817, 52.171197455114424 ], [ 5.43808620544449, 52.184584820971601 ], [ 5.440567917084047, 52.205836637951705 ], [ 5.439237129943847, 52.204601431341878 ], [ 5.434713926126304, 52.205875781636919 ], [ 5.409669926667254, 52.218579567125197 ], [ 5.407221832548992, 52.213404655433088 ], [ 5.393211322841334, 52.220645493990183 ], [ 5.403641431671612, 52.247098606766727 ], [ 5.414642013178789, 52.245797601824492 ], [ 5.435309592876403, 52.252333683987253 ], [ 5.454339672282062, 52.253513583412655 ], [ 5.46242180233679, 52.255395254357929 ], [ 5.464169634121263, 52.259265463346992 ], [ 5.466057051016429, 52.255458669482287 ], [ 5.465131372773684, 52.259333909776316 ], [ 5.466598303639393, 52.258348405920401 ], [ 5.471284838221307, 52.259341386385735 ], [ 5.468283754583924, 52.259569563611372 ], [ 5.471161059175907, 52.261802921742671 ], [ 5.467585020486997, 52.261650579590935 ], [ 5.470843386892546, 52.262632039159911 ], [ 5.469813419671076, 52.263247289689041 ], [ 5.471447185412245, 52.26354072297142 ], [ 5.47095080509607, 52.262658955863799 ], [ 5.476136735930248, 52.263109254155182 ], [ 5.472221162133027, 52.261268500447528 ], [ 5.474810005267479, 52.257058363121445 ], [ 5.488408671827409, 52.262539929283214 ], [ 5.501902655126242, 52.26448229468464 ], [ 5.527439778065334, 52.263680047044041 ], [ 5.526080453449049, 52.264800211266653 ], [ 5.528748678985345, 52.264841465338861 ], [ 5.531590436051248, 52.267692553354586 ], [ 5.531037479131141, 52.271560773951762 ], [ 5.533313865406267, 52.269013498057888 ], [ 5.534813766689756, 52.270569273928324 ], [ 5.531627577397681, 52.271481800681869 ], [ 5.535770916408341, 52.271430677391365 ], [ 5.541007646440171, 52.279168371669982 ], [ 5.559309474806368, 52.311118248975006 ], [ 5.559401421903442, 52.316790951364339 ], [ 5.560711514810634, 52.318214287414527 ], [ 5.560399438429438, 52.316058733002542 ], [ 5.563352955158938, 52.315619155979668 ], [ 5.561932413005152, 52.317996716538495 ], [ 5.56607863993942, 52.317818921336553 ], [ 5.566609439680851, 52.318806698365243 ], [ 5.562631772708379, 52.318079792331709 ], [ 5.566784101700402, 52.319135294872922 ], [ 5.57575357010017, 52.326597858904499 ], [ 5.593994719632233, 52.334281848634092 ], [ 5.607491228432528, 52.342713050262077 ], [ 5.614678982217431, 52.350739493628581 ], [ 5.612014922323654, 52.351698600767662 ], [ 5.61514413396933, 52.351694991608994 ], [ 5.613354952052312, 52.352284223829727 ], [ 5.615550065086064, 52.353494264467059 ], [ 5.614282995416841, 52.356802220110637 ], [ 5.62481526524934, 52.351437574075049 ], [ 5.620368986927189, 52.354966729960999 ], [ 5.625476197413354, 52.354954639596698 ], [ 5.615675402651013, 52.356674340506203 ], [ 5.619139423453842, 52.358444413199329 ], [ 5.619378831301625, 52.360019412876383 ], [ 5.6149803264178, 52.357234337616021 ], [ 5.614390666493886, 52.358414655839269 ], [ 5.618897603832792, 52.360340943189051 ], [ 5.614033940522962, 52.362250426452363 ], [ 5.615318687956771, 52.362614069299852 ], [ 5.62708521734052, 52.356995705135809 ], [ 5.625058926129883, 52.359165263376134 ], [ 5.628510420555995, 52.3584904134757 ], [ 5.628196891521871, 52.364441215337536 ], [ 5.62981486117063, 52.361521105351265 ], [ 5.630358137340843, 52.363905859318891 ], [ 5.633172661420119, 52.361796902088948 ], [ 5.640499475691612, 52.363377976504772 ], [ 5.634098416097621, 52.362815541429441 ], [ 5.630659843287997, 52.365853796167478 ], [ 5.648777714097655, 52.367500212734292 ], [ 5.653339680930544, 52.364840732319188 ], [ 5.674044988851659, 52.37510654495474 ], [ 5.677591213725409, 52.378685458210157 ], [ 5.690132760767075, 52.378971769430485 ], [ 5.699883317014762, 52.381249226788178 ], [ 5.703752860539598, 52.384896684939299 ], [ 5.70663359136542, 52.384550408407577 ], [ 5.707373018994543, 52.386801567272848 ], [ 5.716019125054567, 52.387726479762101 ], [ 5.727824067717868, 52.39395589035577 ], [ 5.739964965075301, 52.39765499675066 ], [ 5.787625308920826, 52.421895793910288 ], [ 5.811099519157296, 52.435705965608214 ], [ 5.821915474784932, 52.446023650922001 ], [ 5.819863791835107, 52.447313897472206 ], [ 5.823280474221328, 52.452897613497704 ], [ 5.816228229342281, 52.455930308550663 ], [ 5.82799869348943, 52.469333768032875 ], [ 5.82892748896005, 52.468024676854746 ], [ 5.823017004509196, 52.46232275493324 ], [ 5.823149619310583, 52.459447036584528 ], [ 5.826422574954938, 52.459215023013186 ], [ 5.827263012087397, 52.457643287992752 ], [ 5.831363978799699, 52.459153733180024 ], [ 5.836441927106534, 52.46662714801802 ], [ 5.839654844942173, 52.465946811833362 ], [ 5.840857227170178, 52.46719497481385 ], [ 5.850216686602582, 52.485606878393249 ], [ 5.852175722727553, 52.494808585279465 ], [ 5.858222915682815, 52.500269664759735 ], [ 5.865801302973852, 52.518658060938478 ], [ 5.876205398831457, 52.522025019978109 ], [ 5.887276661879802, 52.516906191691902 ], [ 5.910228755374046, 52.49719464911793 ] ] ] ] } },
{ "type": "Feature", "properties": { "statcode": "PV26", "jrstatcode": "2025PV26", "statnaam": "Utrecht", "rubriek": "provincie", "id": 7 }, "geometry": { "type": "Polygon", "coordinates": [ [ [ 5.021543196394508, 52.302456850009577 ], [ 5.021867208979982, 52.28265326889607 ], [ 5.024381632669321, 52.281357446748586 ], [ 5.03052841783541, 52.288487181288033 ], [ 5.04277865748143, 52.282488139333573 ], [ 5.050420246005387, 52.287862682239222 ], [ 5.052738048042331, 52.286508238498577 ], [ 5.059540299286015, 52.289320133136584 ], [ 5.065471486614254, 52.285198157139021 ], [ 5.065858514844543, 52.280537327445479 ], [ 5.062872994348557, 52.282199646865521 ], [ 5.062858837717777, 52.284778292781205 ], [ 5.060398073868885, 52.285143109123901 ], [ 5.050753455708157, 52.28181780638937 ], [ 5.048237536848301, 52.276960437629604 ], [ 5.042521969057625, 52.277930300020074 ], [ 5.033069984466158, 52.275289884161289 ], [ 5.029813730182405, 52.272043503310087 ], [ 5.022886886924665, 52.272483437106402 ], [ 5.027626835030745, 52.267777643510854 ], [ 5.026551005935262, 52.264198613391869 ], [ 5.032572530684435, 52.259974915452396 ], [ 5.030709873684419, 52.256890262844024 ], [ 5.032122534785752, 52.254618493109248 ], [ 5.035255369373886, 52.252644866687618 ], [ 5.040253175588554, 52.256576380796389 ], [ 5.043427851260152, 52.25544854127034 ], [ 5.046442988444181, 52.24872509055249 ], [ 5.045996318642128, 52.243220549815284 ], [ 5.05771279285552, 52.235342588496302 ], [ 5.041585570519996, 52.230888222961525 ], [ 5.042484454907703, 52.228779883387489 ], [ 5.037101783319568, 52.225341648868032 ], [ 5.042795657596923, 52.224039510469467 ], [ 5.036665603760619, 52.224360154144847 ], [ 5.037118902671437, 52.216596475977816 ], [ 5.035329562331759, 52.214462266119924 ], [ 5.037242932273547, 52.214188615018919 ], [ 5.033787956201581, 52.213713995285865 ], [ 5.033400586871717, 52.209836231866753 ], [ 5.036444743340167, 52.20956397308381 ], [ 5.036649899088371, 52.20213798678062 ], [ 5.022621035919692, 52.203941462902755 ], [ 5.022935402401035, 52.201709482784416 ], [ 5.021292959948611, 52.20188574324996 ], [ 5.03712470889961, 52.198052709089218 ], [ 5.038134078369397, 52.195163172595507 ], [ 5.032503227235234, 52.184113407909237 ], [ 5.041591768114566, 52.183751521255964 ], [ 5.046463540806306, 52.165929111117194 ], [ 5.121412578349918, 52.180952754200263 ], [ 5.192585964926111, 52.177832945608294 ], [ 5.217214078318182, 52.206232785894052 ], [ 5.224730241326966, 52.225197094375268 ], [ 5.222901246812828, 52.22526095050992 ], [ 5.265769166536518, 52.281644611820077 ], [ 5.306465386138939, 52.277605656769609 ], [ 5.310669386943264, 52.274300209689393 ], [ 5.321053367307199, 52.272396628200056 ], [ 5.331240842385961, 52.273610670719748 ], [ 5.33967320212239, 52.270204044490704 ], [ 5.363313129137586, 52.268476495260423 ], [ 5.372413974211283, 52.260843240754113 ], [ 5.371408679427433, 52.262742980921281 ], [ 5.377459474541302, 52.259019481368377 ], [ 5.381695807161821, 52.258018915734816 ], [ 5.382522886613622, 52.259184742958759 ], [ 5.388973892463125, 52.252826489162317 ], [ 5.403641431671612, 52.247098606766727 ], [ 5.393211322841334, 52.220645493990183 ], [ 5.407221832548992, 52.213404655433088 ], [ 5.409669926667254, 52.218579567125197 ], [ 5.434713926126304, 52.205875781636919 ], [ 5.439237129943847, 52.204601431341878 ], [ 5.440567917084047, 52.205836637951705 ], [ 5.43808620544449, 52.184584820971601 ], [ 5.439875543340817, 52.171197455114424 ], [ 5.446537567487392, 52.168023323062435 ], [ 5.479922362585093, 52.165814554991165 ], [ 5.472433304005097, 52.162850865932846 ], [ 5.479196697128446, 52.161360738073512 ], [ 5.482116095322874, 52.159795681924713 ], [ 5.481495536102809, 52.158297308814319 ], [ 5.484317295704737, 52.158063855116744 ], [ 5.48134176553574, 52.150500974372356 ], [ 5.498984666916545, 52.147361429640888 ], [ 5.49730624282156, 52.141443501204648 ], [ 5.514079390291934, 52.135923062822464 ], [ 5.511667584301198, 52.132050509605264 ], [ 5.497913059059925, 52.130282891862343 ], [ 5.496759075113313, 52.124814284347963 ], [ 5.494704700674303, 52.124717634021586 ], [ 5.496917681310252, 52.119557487006119 ], [ 5.505353945037485, 52.119750446668135 ], [ 5.503755992024412, 52.116585633087986 ], [ 5.507551426419967, 52.115616009269587 ], [ 5.507702067276892, 52.113896963690216 ], [ 5.503867802904341, 52.113745333660304 ], [ 5.498916518954085, 52.116017637180086 ], [ 5.486447088276168, 52.115359736324969 ], [ 5.493921916558556, 52.112764078045622 ], [ 5.493861741262752, 52.111097263206148 ], [ 5.484301742753559, 52.105542117718599 ], [ 5.486082696439794, 52.093656769437729 ], [ 5.471835257730521, 52.089302218300723 ], [ 5.46405356642964, 52.083056177185533 ], [ 5.459678098559761, 52.082003409672453 ], [ 5.459242922467761, 52.080225752928747 ], [ 5.46565333242422, 52.078288187080759 ], [ 5.467373875825762, 52.07549204945942 ], [ 5.484358761825482, 52.069452115977377 ], [ 5.494067152228347, 52.071908291244021 ], [ 5.499882446522591, 52.071335205614368 ], [ 5.504584378402764, 52.073349622226786 ], [ 5.505003289736721, 52.076742310739284 ], [ 5.509112976397573, 52.076977035543386 ], [ 5.50992265132536, 52.079050177476908 ], [ 5.519413929384976, 52.079206848876275 ], [ 5.522654413224589, 52.077542117545832 ], [ 5.53114218791944, 52.082279530298116 ], [ 5.531306078118361, 52.08393924218872 ], [ 5.526634174081152, 52.08490339975986 ], [ 5.530856074381417, 52.089774388213087 ], [ 5.537118480633666, 52.088643810940752 ], [ 5.538293934641316, 52.092689728891671 ], [ 5.535079190075906, 52.092874623505153 ], [ 5.539160181441284, 52.097813705696353 ], [ 5.532816949823165, 52.099983881705754 ], [ 5.531543293471544, 52.102266960379659 ], [ 5.541539925291246, 52.103737096566029 ], [ 5.544012636740614, 52.101948898339501 ], [ 5.546302197375958, 52.102443637308447 ], [ 5.545291792114641, 52.104390041736025 ], [ 5.55034258754902, 52.105419542474245 ], [ 5.554235791800082, 52.100151219574173 ], [ 5.550542421320212, 52.096676362621587 ], [ 5.55442927028402, 52.095391918009973 ], [ 5.554927352548169, 52.086510280243203 ], [ 5.557053037986816, 52.086867293507972 ], [ 5.556687259441548, 52.085482762665634 ], [ 5.560753881642205, 52.084210689140278 ], [ 5.562746193632107, 52.078277984195068 ], [ 5.55921055927358, 52.071033701329888 ], [ 5.560729348082988, 52.067501496460196 ], [ 5.557903285826308, 52.048865119387315 ], [ 5.570852936752804, 52.047996988687004 ], [ 5.567400900535961, 52.040624906133388 ], [ 5.589960903929207, 52.034411442370804 ], [ 5.589588678144562, 52.031176589689295 ], [ 5.586711623441599, 52.031290422569512 ], [ 5.587199848846056, 52.020448656253251 ], [ 5.59024210059525, 52.020266739457604 ], [ 5.589621609857192, 52.015594816331173 ], [ 5.586922245868601, 52.015713176485825 ], [ 5.586014621817013, 52.01177628058457 ], [ 5.591112700389702, 52.007301473511255 ], [ 5.591997672005076, 52.001392291517718 ], [ 5.602515013823605, 51.994997828439175 ], [ 5.609972265310212, 51.993691533437378 ], [ 5.613812804988989, 51.99034278058722 ], [ 5.615059958046436, 51.982716940852811 ], [ 5.626064193314598, 51.974070063653436 ], [ 5.620258227663947, 51.96658232589909 ], [ 5.626495188147675, 51.957365744453952 ], [ 5.627308561987814, 51.952473304799398 ], [ 5.620162494552839, 51.951498111213951 ], [ 5.620437269038637, 51.948324781117677 ], [ 5.616427933586841, 51.949353544818379 ], [ 5.605939647188888, 51.943124784533687 ], [ 5.586616586992887, 51.950828947845253 ], [ 5.556933776462782, 51.955711024308037 ], [ 5.549561074079531, 51.95919689303178 ], [ 5.540208133629514, 51.967281506987376 ], [ 5.510979363292189, 51.973643226088619 ], [ 5.486214004563034, 51.983826443185897 ], [ 5.472686603522912, 51.982977613795995 ], [ 5.442408233860953, 51.985947527843066 ], [ 5.436243938215128, 51.985348437729613 ], [ 5.418155579527132, 51.9766057037629 ], [ 5.39097606792198, 51.970730196704316 ], [ 5.382798343101973, 51.969263944042972 ], [ 5.355638266108868, 51.970353852448547 ], [ 5.34825522327628, 51.967686327858225 ], [ 5.333118383129909, 51.957200904359361 ], [ 5.323439143698774, 51.955097105622073 ], [ 5.316600706381483, 51.955220939621356 ], [ 5.300894137080279, 51.961568560012807 ], [ 5.27037360372902, 51.965426621311998 ], [ 5.256271137668384, 51.970941399161738 ], [ 5.246523744645239, 51.977498236021759 ], [ 5.236867077139563, 51.978757477242247 ], [ 5.229912519749953, 51.975648958906241 ], [ 5.223956865572222, 51.967814079864823 ], [ 5.213435454460688, 51.960653268021439 ], [ 5.205988819877731, 51.95943248301824 ], [ 5.198845475017988, 51.960197769865673 ], [ 5.180226656080335, 51.967448325528885 ], [ 5.151467134150006, 51.933615253480909 ], [ 5.147963229906769, 51.932154956248354 ], [ 5.148459847748602, 51.929485190584082 ], [ 5.135674745403974, 51.918222742415885 ], [ 5.136571766777252, 51.914693319737331 ], [ 5.132376937200629, 51.914860402888181 ], [ 5.119672750625911, 51.898245199205313 ], [ 5.117028798882866, 51.898175926883482 ], [ 5.117582198878412, 51.892366345875367 ], [ 5.112736806283508, 51.887776179926647 ], [ 5.090364595448436, 51.888654490017522 ], [ 5.086585882493342, 51.881124548785245 ], [ 5.081277245511439, 51.876005267931504 ], [ 5.073041267176885, 51.874048011303231 ], [ 5.063387690923341, 51.874409771667821 ], [ 5.055362254895168, 51.873040931805583 ], [ 5.052310581203277, 51.869984486887425 ], [ 5.052198839889445, 51.866643008844925 ], [ 5.063624061341796, 51.860598834273929 ], [ 5.059185483862137, 51.858154483554017 ], [ 5.052999413724212, 51.857360683930629 ], [ 5.043734655703735, 51.859229917033332 ], [ 5.02690796057883, 51.858607715033884 ], [ 5.027387882340033, 51.863739025037624 ], [ 5.021816542542113, 51.869115528579734 ], [ 5.026955908456511, 51.881918205092958 ], [ 4.996238125000912, 51.873119191568748 ], [ 4.994952452765419, 51.876956294055198 ], [ 4.999452273459162, 51.884283506417155 ], [ 4.994968055710085, 51.90229233350238 ], [ 4.973410699441999, 51.897250049557194 ], [ 4.9737406249717, 51.907667412435679 ], [ 4.964128182781911, 51.910638002342715 ], [ 4.964785223739406, 51.913518960965177 ], [ 4.956157452716007, 51.915591063868831 ], [ 4.947639620853774, 51.933710435186072 ], [ 4.939235057525854, 51.92893807144501 ], [ 4.929475474039462, 51.950191449182 ], [ 4.926301291212211, 51.950927944259654 ], [ 4.914011340842761, 51.942435937938967 ], [ 4.877792920155559, 51.938030675583256 ], [ 4.871597951255687, 51.95371069670307 ], [ 4.860382219234602, 51.968013506222817 ], [ 4.845546370421593, 51.975200503739856 ], [ 4.835217848184357, 51.986143020508017 ], [ 4.817805905521922, 51.999766889053781 ], [ 4.857126556382675, 52.005959507987889 ], [ 4.847203421273327, 52.01797430343013 ], [ 4.833334776270465, 52.016422934471429 ], [ 4.824994256849446, 52.017236608917543 ], [ 4.815858924397683, 52.014029992082222 ], [ 4.803410173810588, 52.014144549038214 ], [ 4.798700208048421, 52.022271728063245 ], [ 4.809933419604729, 52.026764517156323 ], [ 4.806704370126562, 52.033167301576114 ], [ 4.811822228051342, 52.033824511073817 ], [ 4.81719293019651, 52.036931096710788 ], [ 4.829490283666744, 52.04981340023965 ], [ 4.84804850001504, 52.05816468475323 ], [ 4.856305076402218, 52.059151787287306 ], [ 4.868225038756269, 52.063446332721441 ], [ 4.873200411814851, 52.06874539314768 ], [ 4.840376439874552, 52.068880068271909 ], [ 4.829807903191146, 52.066823402842914 ], [ 4.834035388545845, 52.072735850294038 ], [ 4.833045259568278, 52.074826929834614 ], [ 4.826275687671352, 52.074643575578378 ], [ 4.823394703790609, 52.092801216558655 ], [ 4.823055886140577, 52.105192804673514 ], [ 4.825314741101429, 52.107151089381802 ], [ 4.792080179629929, 52.122287379380666 ], [ 4.793490841428945, 52.123972736782214 ], [ 4.801980656694714, 52.124857543869247 ], [ 4.806365640775117, 52.12739626947748 ], [ 4.808726905233107, 52.137266629034883 ], [ 4.813111094566534, 52.140173243654658 ], [ 4.816665724377837, 52.139386931291526 ], [ 4.820533623926715, 52.142228768198208 ], [ 4.826471851529682, 52.142176331211722 ], [ 4.83305311287392, 52.144706057555673 ], [ 4.837520577969921, 52.140643750908687 ], [ 4.8407933405923, 52.14147676712399 ], [ 4.842583825816129, 52.139533122415152 ], [ 4.851535293860712, 52.13961564400995 ], [ 4.855238666869632, 52.137209618487169 ], [ 4.874518480819272, 52.13883141526054 ], [ 4.873623464337562, 52.156082509353375 ], [ 4.892178256131188, 52.161797920338351 ], [ 4.855465082153651, 52.178957715872926 ], [ 4.844061511056247, 52.180065687099898 ], [ 4.823615970080416, 52.193165472153233 ], [ 4.822253479093348, 52.196093515658717 ], [ 4.814399874184102, 52.199309252982054 ], [ 4.813594310150965, 52.201847118580829 ], [ 4.802925127414566, 52.201027757096675 ], [ 4.802146923109381, 52.217640635613058 ], [ 4.794429874012166, 52.223423400268835 ], [ 4.794575697702013, 52.226730665167196 ], [ 4.80527504607667, 52.227974168901149 ], [ 4.814100010902115, 52.227169330845953 ], [ 4.842845250437879, 52.235347237657301 ], [ 4.847325731319703, 52.239781375838554 ], [ 4.850792127746058, 52.238606618203399 ], [ 4.85215655257544, 52.23964121685524 ], [ 4.851273142949738, 52.241890198738197 ], [ 4.85493788568805, 52.242145619318457 ], [ 4.85752171636411, 52.247723055705379 ], [ 4.870121266278466, 52.253282155192352 ], [ 4.873852938211026, 52.250742634015253 ], [ 4.882718838004239, 52.253711516209883 ], [ 4.887585668922624, 52.250989230449711 ], [ 4.891759482573247, 52.253267668585949 ], [ 4.898568544630832, 52.250932240878214 ], [ 4.902930740889363, 52.25318180583217 ], [ 4.910970247137064, 52.252682238819631 ], [ 4.917303282638894, 52.25681724349645 ], [ 4.918086870984259, 52.261665135746881 ], [ 4.923136703113482, 52.263023177133675 ], [ 4.924713629871095, 52.266937260458192 ], [ 4.929390510379887, 52.268353331696375 ], [ 4.926651425743648, 52.272444791300885 ], [ 4.926402677419893, 52.279709263188657 ], [ 4.933755076466348, 52.280895767410172 ], [ 4.942691519470023, 52.278183959986976 ], [ 4.953764917963497, 52.278029650525419 ], [ 4.961053634284887, 52.278174201078421 ], [ 4.96263236520146, 52.280291329814311 ], [ 4.96580183067828, 52.280648879456031 ], [ 4.967576494829886, 52.279561637085614 ], [ 4.970372253719775, 52.283487419026571 ], [ 4.983505890657179, 52.29036813665715 ], [ 4.997475367290456, 52.289118354964096 ], [ 5.001757890366824, 52.292772555732967 ], [ 5.003765109680504, 52.298340489386987 ], [ 5.0127197251639, 52.303584137630509 ], [ 5.021543196394508, 52.302456850009577 ] ] ] } },
{ "type": "Feature", "properties": { "statcode": "PV27", "jrstatcode": "2025PV27", "statnaam": "Noord-Holland", "rubriek": "provincie", "id": 8 }, "geometry": { "type": "MultiPolygon", "coordinates": [ [ [ [ 5.32633196617425, 52.290790865663325 ], [ 5.315650456057233, 52.292703544444961 ], [ 5.315468929287546, 52.294919459497962 ], [ 5.324202529593698, 52.294877572103168 ], [ 5.3286660750065, 52.292444351404669 ], [ 5.32633196617425, 52.290790865663325 ] ] ], [ [ [ 5.041975660692551, 52.336516263185295 ], [ 5.03766749689909, 52.334603640589556 ], [ 5.037201288876994, 52.337428710758537 ], [ 5.032787078668775, 52.338276836466747 ], [ 5.041975660692551, 52.336516263185295 ] ] ], [ [ [ 5.102715995362429, 52.346868887506126 ], [ 5.109798516093583, 52.343682987896209 ], [ 5.100337088739392, 52.347214810741583 ], [ 5.102715995362429, 52.346868887506126 ] ] ], [ [ [ 5.088320377347785, 52.347386408171083 ], [ 5.079636028726245, 52.344464572116131 ], [ 5.080819734196397, 52.345689191660881 ], [ 5.088320377347785, 52.347386408171083 ] ] ], [ [ [ 5.007527898346776, 52.344419572733777 ], [ 4.999399478723678, 52.346255365226092 ], [ 4.998338210738123, 52.34846177615934 ], [ 5.004965343724879, 52.346143537989136 ], [ 5.007527898346776, 52.344419572733777 ] ] ], [ [ [ 5.069879549983155, 52.365387112206989 ], [ 5.068032320430738, 52.364262180153418 ], [ 5.067671048007507, 52.365249630314437 ], [ 5.069879549983155, 52.365387112206989 ] ] ], [ [ [ 5.014526311470921, 52.367971376195143 ], [ 5.001996502575001, 52.366279819998766 ], [ 5.001553216365051, 52.366822767859944 ], [ 5.014526311470921, 52.367971376195143 ] ] ], [ [ [ 5.014563964467419, 52.372956534169866 ], [ 5.013219622494178, 52.37166912807001 ], [ 5.012976629342612, 52.373000168819978 ], [ 5.014563964467419, 52.372956534169866 ] ] ], [ [ [ 4.57789060953587, 52.464210622755395 ], [ 4.573697448827501, 52.46397063251009 ], [ 4.573901425962806, 52.465506310829994 ], [ 4.577962684225262, 52.466087001304508 ], [ 4.57789060953587, 52.464210622755395 ] ] ], [ [ [ 5.141527363380304, 52.747654529558964 ], [ 5.14891167490341, 52.743645699601281 ], [ 5.142562889890357, 52.745852519478767 ], [ 5.141527363380304, 52.747654529558964 ] ] ], [ [ [ 5.235213900008099, 52.793428080764059 ], [ 5.220580670980645, 52.798205678508715 ], [ 5.221327248378925, 52.79966147886001 ], [ 5.218133621722918, 52.801888678469986 ], [ 5.221638929410506, 52.805449227642185 ], [ 5.23794066416106, 52.795370674188895 ], [ 5.235213900008099, 52.793428080764059 ] ] ], [ [ [ 4.681697135889154, 52.960122691981731 ], [ 4.674544853745163, 52.959886430325533 ], [ 4.668370659530709, 52.961917316351752 ], [ 4.66281011968133, 52.968574594183643 ], [ 4.663241977184799, 52.975767359785756 ], [ 4.666932633039628, 52.983165242876424 ], [ 4.671301104618514, 52.986320509653737 ], [ 4.676855444354322, 52.987736255528645 ], [ 4.685063260201229, 52.987700323319011 ], [ 4.689829073860167, 52.985469416399333 ], [ 4.689483375785722, 52.982086338126379 ], [ 4.692838260197498, 52.979652446894619 ], [ 4.710783059764983, 52.975071947454879 ], [ 4.690054168050457, 52.968812913068184 ], [ 4.681697135889154, 52.960122691981731 ] ] ], [ [ [ 5.054712489739772, 52.940347137765926 ], [ 5.053184865034543, 52.936341262967943 ], [ 5.049161039166044, 52.937785732469649 ], [ 5.044116074799483, 52.935306278209055 ], [ 5.049170100753146, 52.929705459545481 ], [ 5.046643968415547, 52.929724398009853 ], [ 5.047011812996062, 52.928623845053565 ], [ 5.042097999709823, 52.932448330402188 ], [ 5.039034503166419, 52.931253025893838 ], [ 5.037852665086342, 52.921520975002366 ], [ 5.046371333041582, 52.923597013428498 ], [ 5.041592246808739, 52.923436781845481 ], [ 5.047349974833242, 52.925178501193955 ], [ 5.048590785496835, 52.924068568687787 ], [ 5.073900758396152, 52.893819713301269 ], [ 5.079483715997319, 52.890035477546839 ], [ 5.079151200826096, 52.8875276738165 ], [ 5.102072162954089, 52.860179703468802 ], [ 5.104779286658325, 52.859608780076186 ], [ 5.103181746396025, 52.859094265419259 ], [ 5.105399254058755, 52.85693652446141 ], [ 5.109326449795147, 52.856702334344767 ], [ 5.111329916020055, 52.854286886187779 ], [ 5.10784542870203, 52.853264440290495 ], [ 5.110037182926708, 52.850661248917739 ], [ 5.11272570541516, 52.851577902132597 ], [ 5.111460620246627, 52.853916878441801 ], [ 5.113769955175478, 52.851608184236646 ], [ 5.110387496596888, 52.850228009903674 ], [ 5.11354479065777, 52.846474303068533 ], [ 5.113640574793463, 52.842691239127355 ], [ 5.10414829091749, 52.774452274096987 ], [ 5.112223899570435, 52.774643330616804 ], [ 5.108254962566523, 52.770957328217975 ], [ 5.111737851445294, 52.772339099123947 ], [ 5.109391066486376, 52.769479671373929 ], [ 5.112918670328904, 52.770923926679927 ], [ 5.11364285842877, 52.774109493973555 ], [ 5.118133283413433, 52.767922999003751 ], [ 5.120401807413856, 52.768021327929311 ], [ 5.118462098139756, 52.764563978672342 ], [ 5.123867173526513, 52.764867894920265 ], [ 5.12048536594888, 52.764125467499994 ], [ 5.121646305519829, 52.761212360922947 ], [ 5.118850977196356, 52.760066620827715 ], [ 5.123504280581913, 52.757576395210897 ], [ 5.123541494029669, 52.755687089036456 ], [ 5.145556817301026, 52.741895759942018 ], [ 5.148924842000191, 52.743107653991444 ], [ 5.147668436042445, 52.739262046929269 ], [ 5.152850103548478, 52.741019153442828 ], [ 5.15172084318866, 52.740044511269659 ], [ 5.154407412109612, 52.738506095484333 ], [ 5.16176368206721, 52.740159288046002 ], [ 5.163065371949672, 52.738907129635592 ], [ 5.165130469825339, 52.741102985906231 ], [ 5.169916216069437, 52.740767955418363 ], [ 5.168486319118429, 52.739710259635388 ], [ 5.171404943250405, 52.738663481785835 ], [ 5.172901401997537, 52.739470478697896 ], [ 5.170874166019229, 52.740896441352369 ], [ 5.176037224866102, 52.739583074065884 ], [ 5.180282862362201, 52.741378495904577 ], [ 5.18463063759468, 52.746582449815747 ], [ 5.182684236211549, 52.746960578892342 ], [ 5.185753051323895, 52.746602650335795 ], [ 5.192860618483155, 52.755030239654523 ], [ 5.213792032086203, 52.754620984743475 ], [ 5.225713998052676, 52.752457131482721 ], [ 5.258268351511215, 52.753463524435553 ], [ 5.269987484766542, 52.747529856484292 ], [ 5.258371770363627, 52.745679144647731 ], [ 5.271965728840723, 52.746327006890994 ], [ 5.282658071770829, 52.742329122839784 ], [ 5.287224469043927, 52.733103578770887 ], [ 5.283710675216414, 52.730828936020153 ], [ 5.28753882937542, 52.728413329286141 ], [ 5.284867114582387, 52.727230617568004 ], [ 5.283638189341292, 52.721982516074156 ], [ 5.288577666821791, 52.71900464198437 ], [ 5.287998478279928, 52.714803936507479 ], [ 5.295651297620906, 52.71027913942104 ], [ 5.301727418017665, 52.708309932426985 ], [ 5.307382481619724, 52.709960249370063 ], [ 5.307770447218357, 52.708382727503725 ], [ 5.306061029359474, 52.705857593163223 ], [ 5.300062492474465, 52.707938942376465 ], [ 5.297939070366538, 52.706628834899277 ], [ 5.299341673095581, 52.702741723392144 ], [ 5.293784190467566, 52.699565738504823 ], [ 5.289696076928893, 52.700616779534897 ], [ 5.293107145975494, 52.699268948336801 ], [ 5.289708104454738, 52.699441291327453 ], [ 5.291484383692021, 52.698626647589982 ], [ 5.28649658183974, 52.695580012623182 ], [ 5.289753679290041, 52.698009143581523 ], [ 5.289234862700516, 52.699442413096698 ], [ 5.28369035820648, 52.698782833241786 ], [ 5.288981639326328, 52.6985902734246 ], [ 5.279644284023064, 52.695960031809541 ], [ 5.279429324626856, 52.694742701643918 ], [ 5.287424934642895, 52.691164978836618 ], [ 5.276040531509532, 52.684128668446405 ], [ 5.286070095970441, 52.690355279978036 ], [ 5.282946745827515, 52.691940669625488 ], [ 5.279470299745107, 52.691952220650002 ], [ 5.271090693247324, 52.687638492157028 ], [ 5.246480032511269, 52.685512028935726 ], [ 5.235782180876169, 52.657069064673173 ], [ 5.230643691471153, 52.652768793149775 ], [ 5.207081175384844, 52.644574106989495 ], [ 5.201356553683459, 52.641045023198942 ], [ 5.198525384179044, 52.63631262277439 ], [ 5.190105657183151, 52.636712475606394 ], [ 5.174561035450984, 52.633019766091728 ], [ 5.159314023782978, 52.623182039616701 ], [ 5.149656398964841, 52.623639783411846 ], [ 5.127890253655137, 52.619879701983542 ], [ 5.125407936247549, 52.621903058011249 ], [ 5.128690045048375, 52.626093203776364 ], [ 5.121027068415452, 52.632617871353247 ], [ 5.106547928226329, 52.631574169048648 ], [ 5.101264274635087, 52.633676699860267 ], [ 5.092426231293014, 52.640787735826478 ], [ 5.08949300497829, 52.640166738725483 ], [ 5.088657334050373, 52.642510761178329 ], [ 5.083448336082621, 52.641586203465074 ], [ 5.088289899305625, 52.639751189174774 ], [ 5.085929316753718, 52.639813581973058 ], [ 5.087755933457305, 52.637815747544742 ], [ 5.081412422979882, 52.641544395972886 ], [ 5.076887454826435, 52.641327866626632 ], [ 5.068074811340107, 52.634837946398015 ], [ 5.064402038244261, 52.636983733713862 ], [ 5.066951890140997, 52.638402130953274 ], [ 5.063563810834682, 52.637639052266444 ], [ 5.068479458924771, 52.639254809779217 ], [ 5.066299407896747, 52.640721602739731 ], [ 5.062979267152957, 52.637888132734794 ], [ 5.062974527226767, 52.633487396032514 ], [ 5.061803560439142, 52.636483728339904 ], [ 5.058239728783791, 52.636846459217836 ], [ 5.057778476313354, 52.634593697001549 ], [ 5.060438150627462, 52.63309947444457 ], [ 5.05554475547078, 52.633950681248912 ], [ 5.057210408380901, 52.63750585887216 ], [ 5.052216648844214, 52.641422136610885 ], [ 5.045662105446962, 52.641636851547588 ], [ 5.038996716872528, 52.636613999668747 ], [ 5.029791161499068, 52.635537103552664 ], [ 5.018903751364419, 52.629918871677624 ], [ 5.017194480805386, 52.618687357026005 ], [ 5.019495823889871, 52.606418951707383 ], [ 5.024365818797098, 52.599648199831847 ], [ 5.020488155178125, 52.596001968271757 ], [ 5.028566659561506, 52.58523139214109 ], [ 5.032578920979045, 52.573583521858581 ], [ 5.031213465245019, 52.567452403770325 ], [ 5.042670339496312, 52.560960217363295 ], [ 5.054752153165025, 52.544671690372908 ], [ 5.054589036996984, 52.53878950767583 ], [ 5.064773521571794, 52.528975142517645 ], [ 5.066440289297405, 52.522775968281813 ], [ 5.071686620580561, 52.5188997976975 ], [ 5.075005761161758, 52.519061644777928 ], [ 5.074979662704903, 52.515037022044581 ], [ 5.080543411917533, 52.513130331363492 ], [ 5.08569261464751, 52.503757603269577 ], [ 5.076967386576986, 52.492578891347655 ], [ 5.076868031285368, 52.494341400287027 ], [ 5.073532956964447, 52.492552564176869 ], [ 5.076385232973909, 52.492533639706373 ], [ 5.071813700772363, 52.491903688882239 ], [ 5.069946230675427, 52.489676342555761 ], [ 5.06415265398757, 52.490614974190642 ], [ 5.060002591556563, 52.486870746137271 ], [ 5.060571076862159, 52.476706516474856 ], [ 5.067652223532228, 52.472304409141643 ], [ 5.068475003048128, 52.468766681062782 ], [ 5.061904853624028, 52.467704966504897 ], [ 5.051066824274957, 52.469332768990249 ], [ 5.039118087692843, 52.464975175742872 ], [ 5.033605252108371, 52.467389822958665 ], [ 5.033308215180592, 52.464806974149447 ], [ 5.03851683342102, 52.464001064083398 ], [ 5.036449160973683, 52.463170983519397 ], [ 5.038799131716456, 52.460463276462768 ], [ 5.041671718420542, 52.460137831544372 ], [ 5.040884224486756, 52.458184625743122 ], [ 5.043460650720345, 52.457594032555292 ], [ 5.049257724326031, 52.462765312198606 ], [ 5.05524851718695, 52.460876413820927 ], [ 5.04846496674039, 52.455100298475379 ], [ 5.049416213279996, 52.439359039339436 ], [ 5.063833014830169, 52.43732519376011 ], [ 5.067196664442942, 52.438895584892428 ], [ 5.078061164617049, 52.436557968428772 ], [ 5.086927388962657, 52.437023947239993 ], [ 5.088846409479546, 52.434843285263042 ], [ 5.09300253201605, 52.440115642744416 ], [ 5.09439110211467, 52.448543674181984 ], [ 5.092636567348266, 52.451662154274814 ], [ 5.099143813073835, 52.458554260155609 ], [ 5.100162743253128, 52.4570640586644 ], [ 5.100521926652568, 52.464172123564531 ], [ 5.104927328102359, 52.467276213216472 ], [ 5.113644598651629, 52.461788949947248 ], [ 5.134744214276505, 52.46288108597826 ], [ 5.139381651264863, 52.459687980838886 ], [ 5.133416824167895, 52.459818507479547 ], [ 5.121922271026061, 52.455645088158001 ], [ 5.111085763281492, 52.454045697943343 ], [ 5.106176845989698, 52.450193534671143 ], [ 5.099122874798354, 52.450268482327495 ], [ 5.094938944616109, 52.448452481736936 ], [ 5.093871203142709, 52.441010252568397 ], [ 5.091921394378695, 52.437365753063439 ], [ 5.08675633330809, 52.432091830169348 ], [ 5.088212374609906, 52.434231744865194 ], [ 5.085922491392735, 52.435046403914811 ], [ 5.076606288639701, 52.428927366043823 ], [ 5.076832541597501, 52.426974404911803 ], [ 5.074879121861558, 52.428721875968556 ], [ 5.074211524005842, 52.427122712189266 ], [ 5.076707693037677, 52.426683850260368 ], [ 5.075366219500687, 52.424174659472705 ], [ 5.073049319892525, 52.423953842730739 ], [ 5.073263688900067, 52.420582179986134 ], [ 5.067269666151094, 52.413422115203936 ], [ 5.057634074253329, 52.414816446582911 ], [ 5.052210515118378, 52.413180990258432 ], [ 5.046254684436541, 52.406733339636084 ], [ 5.031311742205155, 52.400682545655357 ], [ 5.024878193350435, 52.387947741468935 ], [ 5.010852214189084, 52.383061405888895 ], [ 5.013498091293831, 52.381834152123446 ], [ 5.011681383785601, 52.373632410954315 ], [ 5.008483356787474, 52.372571580459159 ], [ 5.001330663024285, 52.375225169224095 ], [ 4.998731118343065, 52.378717582696922 ], [ 4.994102615557806, 52.377621840219035 ], [ 4.998284253296754, 52.379794902606314 ], [ 4.98966396508315, 52.377597271885527 ], [ 4.981649383922236, 52.373462589655006 ], [ 4.973966032728947, 52.379442124946308 ], [ 4.974072019506471, 52.371936994841896 ], [ 4.980317744863184, 52.369049643238235 ], [ 4.973287652579589, 52.367561428622437 ], [ 4.980918429559806, 52.363297916084008 ], [ 4.984691515974735, 52.365672910742013 ], [ 4.990776726730616, 52.36377110677298 ], [ 4.986172278746873, 52.36031868007413 ], [ 4.99207765164407, 52.361657992616948 ], [ 5.009517160901513, 52.35325526298292 ], [ 5.020420004842472, 52.356471673708072 ], [ 5.021252636991802, 52.354101734436142 ], [ 5.016502365146444, 52.353675156808499 ], [ 5.018807895245372, 52.349885781773516 ], [ 5.015148744688691, 52.347828510677992 ], [ 5.016751125586119, 52.345899106434274 ], [ 5.019049633601963, 52.347877508130772 ], [ 5.026860565209267, 52.348772323849239 ], [ 5.034943786373409, 52.344529325371234 ], [ 5.033996644634612, 52.340638833862251 ], [ 5.026188574587731, 52.338062751069522 ], [ 5.032149440824965, 52.333536291383446 ], [ 5.056181653618006, 52.337732356355609 ], [ 5.068589872007352, 52.337185264118091 ], [ 5.069654403553397, 52.330461188299871 ], [ 5.071267756629766, 52.333687476257978 ], [ 5.069797448757048, 52.337087096913123 ], [ 5.077350943503419, 52.339811949010667 ], [ 5.09357310491504, 52.338762593156993 ], [ 5.11046787427298, 52.330143905580101 ], [ 5.123559316031947, 52.329408040043937 ], [ 5.129031362248377, 52.325188325962714 ], [ 5.133435246120887, 52.327645305522211 ], [ 5.139212363149627, 52.325218684794656 ], [ 5.151385784906157, 52.3123268618792 ], [ 5.14676607431919, 52.312611595706073 ], [ 5.147762752027444, 52.313882112200112 ], [ 5.143629582240788, 52.310875804546107 ], [ 5.146294881997165, 52.309313766604589 ], [ 5.149993541993187, 52.310127744626577 ], [ 5.151243983037495, 52.308765729854855 ], [ 5.149037896939867, 52.308005822061396 ], [ 5.154243667023136, 52.308645437437569 ], [ 5.151275452880724, 52.30935041881871 ], [ 5.153091477814203, 52.30996872642924 ], [ 5.152082239428051, 52.311011345880615 ], [ 5.151053052701797, 52.309600539021716 ], [ 5.149961880817174, 52.310801402374587 ], [ 5.152408996352578, 52.311946879526793 ], [ 5.161504741175079, 52.306417951471644 ], [ 5.173568804396741, 52.304023284596745 ], [ 5.196994634094345, 52.308944472841006 ], [ 5.243742947293635, 52.31210922025884 ], [ 5.242829048839573, 52.310599841944494 ], [ 5.245365904464133, 52.310094776182709 ], [ 5.242793825753073, 52.308355624606257 ], [ 5.242188090692115, 52.30573085826137 ], [ 5.247009212803253, 52.312269522349361 ], [ 5.246311022631578, 52.310323653584938 ], [ 5.251621193897035, 52.309041141062025 ], [ 5.24787039096992, 52.313853114025811 ], [ 5.249956395881951, 52.315913546979985 ], [ 5.249607929286274, 52.313678988429558 ], [ 5.256358016677329, 52.306833027889262 ], [ 5.264274066719279, 52.306765762401163 ], [ 5.27406446660331, 52.304144942706614 ], [ 5.291361548286409, 52.296593394445381 ], [ 5.298719135937923, 52.298055038421502 ], [ 5.302321055792666, 52.302105776516477 ], [ 5.307331122093372, 52.302729234706348 ], [ 5.309012482999492, 52.304926932947922 ], [ 5.317183610008849, 52.30058869845481 ], [ 5.308255657411719, 52.299805402803344 ], [ 5.303115413288403, 52.295219444710028 ], [ 5.297231901544972, 52.293160551815973 ], [ 5.295532522503772, 52.289955909740293 ], [ 5.296553497442504, 52.286688225328966 ], [ 5.306465386138939, 52.277605656769609 ], [ 5.265769166536518, 52.281644611820077 ], [ 5.222901246812828, 52.22526095050992 ], [ 5.224730241326966, 52.225197094375268 ], [ 5.217214078318182, 52.206232785894052 ], [ 5.192585964926111, 52.177832945608294 ], [ 5.121412578349918, 52.180952754200263 ], [ 5.046463540806306, 52.165929111117194 ], [ 5.041591768114566, 52.183751521255964 ], [ 5.032503227235234, 52.184113407909237 ], [ 5.038134078369397, 52.195163172595507 ], [ 5.03712470889961, 52.198052709089218 ], [ 5.021292959948611, 52.20188574324996 ], [ 5.022935402401035, 52.201709482784416 ], [ 5.022621035919692, 52.203941462902755 ], [ 5.036649899088371, 52.20213798678062 ], [ 5.036444743340167, 52.20956397308381 ], [ 5.033400586871717, 52.209836231866753 ], [ 5.033787956201581, 52.213713995285865 ], [ 5.037242932273547, 52.214188615018919 ], [ 5.035329562331759, 52.214462266119924 ], [ 5.037118902671437, 52.216596475977816 ], [ 5.036665603760619, 52.224360154144847 ], [ 5.042795657596923, 52.224039510469467 ], [ 5.037101783319568, 52.225341648868032 ], [ 5.042484454907703, 52.228779883387489 ], [ 5.041585570519996, 52.230888222961525 ], [ 5.05771279285552, 52.235342588496302 ], [ 5.045996318642128, 52.243220549815284 ], [ 5.046442988444181, 52.24872509055249 ], [ 5.043427851260152, 52.25544854127034 ], [ 5.040253175588554, 52.256576380796389 ], [ 5.035255369373886, 52.252644866687618 ], [ 5.032122534785752, 52.254618493109248 ], [ 5.030709873684419, 52.256890262844024 ], [ 5.032572530684435, 52.259974915452396 ], [ 5.026551005935262, 52.264198613391869 ], [ 5.027626835030745, 52.267777643510854 ], [ 5.022886886924665, 52.272483437106402 ], [ 5.029813730182405, 52.272043503310087 ], [ 5.033069984466158, 52.275289884161289 ], [ 5.042521969057625, 52.277930300020074 ], [ 5.048237536848301, 52.276960437629604 ], [ 5.050753455708157, 52.28181780638937 ], [ 5.060398073868885, 52.285143109123901 ], [ 5.062858837717777, 52.284778292781205 ], [ 5.062872994348557, 52.282199646865521 ], [ 5.065858514844543, 52.280537327445479 ], [ 5.065471486614254, 52.285198157139021 ], [ 5.059540299286015, 52.289320133136584 ], [ 5.052738048042331, 52.286508238498577 ], [ 5.050420246005387, 52.287862682239222 ], [ 5.04277865748143, 52.282488139333573 ], [ 5.03052841783541, 52.288487181288033 ], [ 5.024381632669321, 52.281357446748586 ], [ 5.021867208979982, 52.28265326889607 ], [ 5.021543196394508, 52.302456850009577 ], [ 5.014264586891831, 52.303676920483248 ], [ 5.003765109680504, 52.298340489386987 ], [ 5.001757890366824, 52.292772555732967 ], [ 4.997475367290456, 52.289118354964096 ], [ 4.983505890657179, 52.29036813665715 ], [ 4.970372253719775, 52.283487419026571 ], [ 4.967576494829886, 52.279561637085614 ], [ 4.96580183067828, 52.280648879456031 ], [ 4.96263236520146, 52.280291329814311 ], [ 4.961053634284887, 52.278174201078421 ], [ 4.953764917963497, 52.278029650525419 ], [ 4.942691519470023, 52.278183959986976 ], [ 4.933755076466348, 52.280895767410172 ], [ 4.926402677419893, 52.279709263188657 ], [ 4.926651425743648, 52.272444791300885 ], [ 4.929390510379887, 52.268353331696375 ], [ 4.924713629871095, 52.266937260458192 ], [ 4.923136703113482, 52.263023177133675 ], [ 4.918086870984259, 52.261665135746881 ], [ 4.917303282638894, 52.25681724349645 ], [ 4.910970247137064, 52.252682238819631 ], [ 4.902930740889363, 52.25318180583217 ], [ 4.898568544630832, 52.250932240878214 ], [ 4.891759482573247, 52.253267668585949 ], [ 4.887585668922624, 52.250989230449711 ], [ 4.882718838004239, 52.253711516209883 ], [ 4.873852938211026, 52.250742634015253 ], [ 4.870121266278466, 52.253282155192352 ], [ 4.85752171636411, 52.247723055705379 ], [ 4.85493788568805, 52.242145619318457 ], [ 4.851273142949738, 52.241890198738197 ], [ 4.85215655257544, 52.23964121685524 ], [ 4.850792127746058, 52.238606618203399 ], [ 4.847325731319703, 52.239781375838554 ], [ 4.842845250437879, 52.235347237657301 ], [ 4.814100010902115, 52.227169330845953 ], [ 4.80527504607667, 52.227974168901149 ], [ 4.794575697702013, 52.226730665167196 ], [ 4.780985629174887, 52.228741235712022 ], [ 4.762074487262455, 52.218130271164625 ], [ 4.74362988260378, 52.214792826267072 ], [ 4.734999509699931, 52.206766847885731 ], [ 4.724738951775617, 52.212583381175449 ], [ 4.722896598410053, 52.220363905487567 ], [ 4.724154531319085, 52.232371333449557 ], [ 4.704428049314886, 52.233842061575857 ], [ 4.696244105624449, 52.232109272883555 ], [ 4.683632300972573, 52.226354033581117 ], [ 4.676699023394592, 52.225925520230597 ], [ 4.670348087144909, 52.230755785422723 ], [ 4.632634452711476, 52.216184274239559 ], [ 4.618437147720568, 52.214475769213827 ], [ 4.602761585132805, 52.214558269113503 ], [ 4.583553195091426, 52.218874205889172 ], [ 4.572202191667557, 52.216999103067714 ], [ 4.558433146166438, 52.218798537598616 ], [ 4.55047036189576, 52.226744715954126 ], [ 4.553624982871213, 52.230932974593628 ], [ 4.56292120371899, 52.234723159778888 ], [ 4.569537572823251, 52.259860231451597 ], [ 4.568335793946374, 52.268553385737221 ], [ 4.588207152152534, 52.28023236940637 ], [ 4.598243926613805, 52.297735799710779 ], [ 4.611676039331039, 52.313559912559569 ], [ 4.596572880086197, 52.317706072690669 ], [ 4.587686422863171, 52.317880920999244 ], [ 4.587469018739466, 52.31676317220149 ], [ 4.583435366359737, 52.318382361153404 ], [ 4.57324055818885, 52.315355519966737 ], [ 4.569075469017711, 52.316483031519347 ], [ 4.56370743246942, 52.309298008065966 ], [ 4.493971128476394, 52.328198082937682 ], [ 4.554777066780589, 52.422609775547635 ], [ 4.560096761683823, 52.438037421707492 ], [ 4.562258458403138, 52.446454141758508 ], [ 4.560515054145148, 52.446723930607192 ], [ 4.553686275621378, 52.460773070176486 ], [ 4.540326407343318, 52.45810062300621 ], [ 4.538003109828805, 52.458064147217733 ], [ 4.536469785899146, 52.458565653414212 ], [ 4.53356677841029, 52.460932742653405 ], [ 4.532077898550851, 52.463836557345076 ], [ 4.536785450440244, 52.458706942113423 ], [ 4.54005861994428, 52.458311457979661 ], [ 4.555649646375276, 52.462488956745226 ], [ 4.559141678927396, 52.46145090753307 ], [ 4.559927227520071, 52.456995172404675 ], [ 4.564985210990863, 52.457855739043993 ], [ 4.562513487214126, 52.459741309869621 ], [ 4.563250715970082, 52.462617034375711 ], [ 4.569454312441961, 52.462256688294012 ], [ 4.567630321546584, 52.459648265720901 ], [ 4.569246492229954, 52.459223339519127 ], [ 4.571359713458773, 52.462200782084544 ], [ 4.578614483973656, 52.462841936332616 ], [ 4.577041057699259, 52.461597383677244 ], [ 4.57955712360412, 52.459453658023278 ], [ 4.577844949303749, 52.458233163508204 ], [ 4.580582397000958, 52.458748567174247 ], [ 4.586445059194951, 52.45654309146763 ], [ 4.581705452939183, 52.459357144726354 ], [ 4.581554044164532, 52.462454125752693 ], [ 4.594293410712947, 52.45766517577875 ], [ 4.596213180784047, 52.458366184747064 ], [ 4.58274002476892, 52.463381149998732 ], [ 4.59679876552561, 52.465477614035564 ], [ 4.591461432059867, 52.467296599313023 ], [ 4.605058248862591, 52.467100943089861 ], [ 4.605095345804263, 52.468395919974128 ], [ 4.592074969922077, 52.469762299571926 ], [ 4.601360252604769, 52.469793624458241 ], [ 4.601491823725647, 52.471485022594614 ], [ 4.594828324470801, 52.471324607247396 ], [ 4.60888305156293, 52.472138046197074 ], [ 4.599753751820071, 52.474270073110944 ], [ 4.56718440772008, 52.467680486412114 ], [ 4.55741370016999, 52.467797207947328 ], [ 4.548296948247229, 52.469212316045883 ], [ 4.542249942371267, 52.46741180505164 ], [ 4.548024369374261, 52.469623302105191 ], [ 4.564442279785667, 52.467875460436893 ], [ 4.575180368021673, 52.479201617273432 ], [ 4.593024356906282, 52.513487724387304 ], [ 4.615281654468225, 52.596229389705215 ], [ 4.626769231407579, 52.664769169160564 ], [ 4.637580327846402, 52.707536157209255 ], [ 4.636606794408256, 52.728667621421479 ], [ 4.642903088139863, 52.750664353523213 ], [ 4.654935268885396, 52.772014528454861 ], [ 4.667481254337337, 52.786718822990949 ], [ 4.675987263500518, 52.801047123086505 ], [ 4.702276006951747, 52.864732306237691 ], [ 4.711435950132765, 52.893408360886006 ], [ 4.713373481051107, 52.932292880685104 ], [ 4.719419001520015, 52.951134365312853 ], [ 4.730839133065414, 52.962573671338127 ], [ 4.763210167096823, 52.965383326729622 ], [ 4.779558903460881, 52.965228965019364 ], [ 4.778285708809745, 52.962749049497354 ], [ 4.78424155893745, 52.966096319529974 ], [ 4.783595718190475, 52.962303123879494 ], [ 4.781137505965763, 52.963341811185387 ], [ 4.774788982437243, 52.960607558227977 ], [ 4.779195846351283, 52.954536799024645 ], [ 4.78803847068627, 52.949179382027623 ], [ 4.790476763229241, 52.949692974339577 ], [ 4.780446242342236, 52.955569483822138 ], [ 4.778231286562839, 52.95939579480293 ], [ 4.782736867089328, 52.956337191955072 ], [ 4.785088094498157, 52.956906281979315 ], [ 4.785556998740625, 52.954305701827067 ], [ 4.787295326706355, 52.954409462745289 ], [ 4.786673700479327, 52.956997990544465 ], [ 4.787959532159934, 52.954473707842396 ], [ 4.792070497131624, 52.955016180678356 ], [ 4.791470370879371, 52.957646864327423 ], [ 4.792789874108986, 52.95516893971957 ], [ 4.794388233781041, 52.955495463231884 ], [ 4.79333558867651, 52.957222906099361 ], [ 4.796478078462204, 52.957093676291564 ], [ 4.795514602984778, 52.958809560431938 ], [ 4.792993097304368, 52.95860178139133 ], [ 4.798150605241543, 52.959621013430031 ], [ 4.796572490343912, 52.961877052362979 ], [ 4.793364849595278, 52.959912009288956 ], [ 4.789700353763957, 52.962763400737792 ], [ 4.801325182768597, 52.964522631125824 ], [ 4.803420611357484, 52.959182101927574 ], [ 4.801697454915851, 52.953094016529477 ], [ 4.792839411429133, 52.944123991823552 ], [ 4.791302689887033, 52.936230410646367 ], [ 4.80327018015294, 52.917389302520185 ], [ 4.809988607308968, 52.914353142003598 ], [ 4.806309679563385, 52.913978436249806 ], [ 4.806725049716559, 52.912714349311571 ], [ 4.841803131424909, 52.899175254160504 ], [ 4.849740959444457, 52.898924705543777 ], [ 4.848629169279674, 52.897279845310884 ], [ 4.874777504188487, 52.888347791291729 ], [ 4.907087297608066, 52.893803048879541 ], [ 4.919289898236975, 52.899434253593704 ], [ 4.935127773996563, 52.903482732957144 ], [ 4.936900817505473, 52.907766272240686 ], [ 4.943164184362682, 52.910298457217003 ], [ 4.945491099581994, 52.909688334110179 ], [ 4.950630255683022, 52.913521222286192 ], [ 4.955976348813304, 52.918546602964703 ], [ 4.958155362071322, 52.924911297212127 ], [ 4.968488036433469, 52.930334934834796 ], [ 4.985573814779864, 52.931841937600041 ], [ 5.005273872960219, 52.93567567922603 ], [ 5.012046586229903, 52.933960761227901 ], [ 5.022470480150283, 52.935396108229462 ], [ 5.026703201567787, 52.938165605264793 ], [ 5.027079527130017, 52.941450664060298 ], [ 5.024259768452668, 52.942531889274235 ], [ 5.025883771473885, 52.943999959760845 ], [ 5.025226944062518, 52.942544201411245 ], [ 5.028936417962762, 52.940969524011024 ], [ 5.030636776556697, 52.942849031688901 ], [ 5.03556326426572, 52.941013755440395 ], [ 5.038546088811581, 52.942737104127552 ], [ 5.03569422447927, 52.940684937995115 ], [ 5.036986282093971, 52.939657300720725 ], [ 5.03173332889542, 52.942190291049094 ], [ 5.029253952190969, 52.940883720851332 ], [ 5.033637960198933, 52.938617489915082 ], [ 5.035428571738349, 52.939224466331446 ], [ 5.031386743362607, 52.937124391192242 ], [ 5.033616032767531, 52.937733272000202 ], [ 5.038042155611353, 52.933417655759641 ], [ 5.039479430270777, 52.934077307240265 ], [ 5.035361511930581, 52.937603977939879 ], [ 5.041133773840079, 52.934341702117337 ], [ 5.039512934373651, 52.937934685906839 ], [ 5.04387204842839, 52.935723750255264 ], [ 5.048899170748761, 52.938064202992166 ], [ 5.049112070147055, 52.940783161520287 ], [ 5.054151633377695, 52.941141872484039 ], [ 5.165883070627196, 52.999867188925101 ], [ 5.054712489739772, 52.940347137765926 ] ], [ [ 5.103232336868752, 52.76998158729684 ], [ 5.108728095346333, 52.769644828232089 ], [ 5.10320458029528, 52.77097733355081 ], [ 5.103232336868752, 52.76998158729684 ] ], [ [ 4.963295604270721, 52.383585791099669 ], [ 4.958758227631684, 52.380608991973766 ], [ 4.961742898746354, 52.379609351694675 ], [ 4.958705662838692, 52.380162848563259 ], [ 4.973632473521439, 52.372176741580795 ], [ 4.972839420116618, 52.379825502313757 ], [ 4.968604326319491, 52.379320942188279 ], [ 4.963295604270721, 52.383585791099669 ] ], [ [ 4.958008863601842, 52.368426261653667 ], [ 4.95968753495607, 52.367142470293651 ], [ 4.958311988107953, 52.365806866295671 ], [ 4.961078246070326, 52.365992818038322 ], [ 4.961325802610489, 52.363682000558427 ], [ 4.968347129291788, 52.360954751912253 ], [ 4.969887632017083, 52.368214375366222 ], [ 4.958008863601842, 52.368426261653667 ] ], [ [ 4.974357041056571, 52.365811322408923 ], [ 4.968951556836465, 52.360854825471826 ], [ 4.974105866893161, 52.36068576900815 ], [ 4.975171065572887, 52.357213167736731 ], [ 4.985744033966082, 52.357626485112732 ], [ 4.985129248536786, 52.355371361351132 ], [ 4.99579199632291, 52.349810774430104 ], [ 4.99839566075266, 52.346346097027094 ], [ 5.002536688459513, 52.344115290960382 ], [ 5.014789736632131, 52.344569458836723 ], [ 5.015784938740587, 52.343161881381555 ], [ 5.014777985022262, 52.347840923375998 ], [ 5.009088547629691, 52.345036902165091 ], [ 4.999013989305575, 52.351172537414357 ], [ 4.997559453489957, 52.350306415009413 ], [ 4.991877423693477, 52.35288194904512 ], [ 4.986721477926674, 52.356639552096709 ], [ 4.987370004461899, 52.358164115288439 ], [ 4.990029317539798, 52.357214513096132 ], [ 4.986098684461527, 52.35979317176789 ], [ 4.980461413286145, 52.35856594426491 ], [ 4.978420368717313, 52.360822764191262 ], [ 4.975394288374525, 52.36077048528557 ], [ 4.976387044571605, 52.364995661231809 ], [ 4.974357041056571, 52.365811322408923 ] ] ], [ [ [ 4.87685270643285, 53.16159200055705 ], [ 4.881068103859287, 53.155083879232123 ], [ 4.886505987385282, 53.156057258470604 ], [ 4.893353366063587, 53.151622644883261 ], [ 4.908336927357627, 53.13302772531312 ], [ 4.905921810368854, 53.131264440993448 ], [ 4.904440565088643, 53.13216140323923 ], [ 4.902964175269902, 53.125810913224051 ], [ 4.900243736705829, 53.125014347883564 ], [ 4.898335701008393, 53.10014770929962 ], [ 4.900395200492678, 53.087856504120879 ], [ 4.897157169440038, 53.078565865364752 ], [ 4.887657871693101, 53.072588141817114 ], [ 4.880576943998191, 53.07088543238504 ], [ 4.878781132722299, 53.066902362899491 ], [ 4.873197076073553, 53.064864201615386 ], [ 4.873146513435967, 53.055362037751003 ], [ 4.861598969275132, 53.048108946278958 ], [ 4.860015345528061, 53.044311479016109 ], [ 4.856283901513362, 53.040904831927278 ], [ 4.853158533314788, 53.040102253154721 ], [ 4.858514640215161, 53.043306151565815 ], [ 4.860464471199197, 53.046753469712719 ], [ 4.85615923122806, 53.04262575399791 ], [ 4.853298595267919, 53.04335010024036 ], [ 4.849412652307206, 53.039124018703838 ], [ 4.853084112656451, 53.038910235999296 ], [ 4.847167840052188, 53.034001132053319 ], [ 4.838524870438821, 53.030812491175539 ], [ 4.819488991648909, 53.029015654121807 ], [ 4.792669932554462, 53.008408729927922 ], [ 4.796945287078375, 53.007384897343911 ], [ 4.793023369067091, 53.006029984270164 ], [ 4.797395024737625, 53.005031946557146 ], [ 4.793100537389195, 53.002385349536866 ], [ 4.784988965163289, 53.001753094346192 ], [ 4.782425622154154, 53.004145337548202 ], [ 4.780604367907685, 53.003178285798214 ], [ 4.782252149734022, 53.001370267872609 ], [ 4.772818687783975, 53.005958750617609 ], [ 4.754979810000619, 53.010171962762747 ], [ 4.746512261068726, 53.010171091274081 ], [ 4.753801369635769, 53.004346897704181 ], [ 4.770068231024925, 53.000117458479124 ], [ 4.773660151436879, 52.996327182991074 ], [ 4.752126299717944, 52.99077352695921 ], [ 4.736599902377415, 52.989020055623655 ], [ 4.730493496404322, 52.983743238290558 ], [ 4.713506054192599, 52.997338341516482 ], [ 4.708628083779922, 53.02238303075454 ], [ 4.716111706267242, 53.051589730500808 ], [ 4.723532094159654, 53.067628083678308 ], [ 4.735249569164765, 53.082322477254557 ], [ 4.758140787949138, 53.10589078395639 ], [ 4.797504111966813, 53.140905471883876 ], [ 4.81024054621264, 53.155011743431935 ], [ 4.83113766504885, 53.171813392779598 ], [ 4.84086120191161, 53.183319196558642 ], [ 4.854427187251703, 53.185340051982365 ], [ 4.86112278088931, 53.183020941332408 ], [ 4.873093154660319, 53.172325486178856 ], [ 4.874790863193237, 53.166842320354398 ], [ 4.87968723251332, 53.164009833306928 ], [ 4.87685270643285, 53.16159200055705 ] ] ] ] } },
{ "type": "Feature", "properties": { "statcode": "PV28", "jrstatcode": "2025PV28", "statnaam": "Zuid-Holland", "rubriek": "provincie", "id": 9 }, "geometry": { "type": "MultiPolygon", "coordinates": [ [ [ [ 4.554929645703881, 51.69685465527705 ], [ 4.544376866175285, 51.695134781563667 ], [ 4.572305172771425, 51.700072932342565 ], [ 4.554929645703881, 51.69685465527705 ] ] ], [ [ [ 4.346149805182534, 51.704486405489682 ], [ 4.337140579152436, 51.703883193125549 ], [ 4.336055278990941, 51.704702867468221 ], [ 4.339987014379153, 51.705639839105416 ], [ 4.346149805182534, 51.704486405489682 ] ] ], [ [ [ 4.366401352787276, 51.709763362286218 ], [ 4.367097150803763, 51.704706797972683 ], [ 4.362563195738222, 51.706926834793158 ], [ 4.366401352787276, 51.709763362286218 ] ] ], [ [ [ 4.352904517633434, 51.736807544018667 ], [ 4.357170972718203, 51.734665664426416 ], [ 4.357144566778059, 51.731812703967655 ], [ 4.338458245229889, 51.727208429964477 ], [ 4.329735033945928, 51.726155302162951 ], [ 4.310421553477402, 51.727809522250453 ], [ 4.290866417633519, 51.734206956821168 ], [ 4.29166745980214, 51.735791909859493 ], [ 4.289178536717054, 51.73536007284774 ], [ 4.267763050812962, 51.745726603449789 ], [ 4.262022281541212, 51.746696444076498 ], [ 4.258365598581038, 51.750059738119027 ], [ 4.263349976455378, 51.754068661770823 ], [ 4.278587863914507, 51.75280963411241 ], [ 4.311311491924316, 51.747113434959182 ], [ 4.352904517633434, 51.736807544018667 ] ] ], [ [ [ 3.884950896156165, 51.759921050105497 ], [ 3.882172396668986, 51.756995068980295 ], [ 3.879523335340361, 51.75678613774889 ], [ 3.877406097664279, 51.758672455062268 ], [ 3.884950896156165, 51.759921050105497 ] ] ], [ [ [ 3.939439347051869, 51.785388831064239 ], [ 3.965654199577477, 51.774388223598734 ], [ 3.941817823347354, 51.776571922745717 ], [ 3.926327478096007, 51.775086920599371 ], [ 3.908948009634944, 51.770209400012156 ], [ 3.904584206611049, 51.771120493097989 ], [ 3.921706542161169, 51.781276434424164 ], [ 3.926449797460351, 51.786632749106438 ], [ 3.934298853189273, 51.789929303259349 ], [ 3.939439347051869, 51.785388831064239 ] ] ], [ [ [ 4.148512632082476, 51.798776264014393 ], [ 4.142726669549448, 51.79911540747792 ], [ 4.140620594872772, 51.800548984598628 ], [ 4.148900856762836, 51.801313690944674 ], [ 4.148512632082476, 51.798776264014393 ] ] ], [ [ [ 3.968042508214007, 51.798138807753091 ], [ 3.959397899594888, 51.798835637928107 ], [ 3.957279332663621, 51.800958325353299 ], [ 3.965569456518251, 51.802012380716505 ], [ 3.963285287296483, 51.800577562216993 ], [ 3.968042508214007, 51.798138807753091 ] ] ], [ [ [ 4.493971128476394, 52.328198082937682 ], [ 4.56370743246942, 52.309298008065966 ], [ 4.569075469017711, 52.316483031519347 ], [ 4.57324055818885, 52.315355519966737 ], [ 4.583435366359737, 52.318382361153404 ], [ 4.587469018739466, 52.31676317220149 ], [ 4.587686422863171, 52.317880920999244 ], [ 4.596572880086197, 52.317706072690669 ], [ 4.611676039331039, 52.313559912559569 ], [ 4.598243926613805, 52.297735799710779 ], [ 4.588207152152534, 52.28023236940637 ], [ 4.568335793946374, 52.268553385737221 ], [ 4.569537572823251, 52.259860231451597 ], [ 4.56292120371899, 52.234723159778888 ], [ 4.553624982871213, 52.230932974593628 ], [ 4.55047036189576, 52.226744715954126 ], [ 4.556615361820583, 52.219273046261051 ], [ 4.572202191667557, 52.216999103067714 ], [ 4.583553195091426, 52.218874205889172 ], [ 4.602761585132805, 52.214558269113503 ], [ 4.618437147720568, 52.214475769213827 ], [ 4.632634452711476, 52.216184274239559 ], [ 4.670348087144909, 52.230755785422723 ], [ 4.676699023394592, 52.225925520230597 ], [ 4.683632300972573, 52.226354033581117 ], [ 4.696244105624449, 52.232109272883555 ], [ 4.704428049314886, 52.233842061575857 ], [ 4.724154531319085, 52.232371333449557 ], [ 4.722896598410053, 52.220363905487567 ], [ 4.724738951775617, 52.212583381175449 ], [ 4.734999509699931, 52.206766847885731 ], [ 4.74362988260378, 52.214792826267072 ], [ 4.762074487262455, 52.218130271164625 ], [ 4.774650279292412, 52.224582747033736 ], [ 4.776400158120775, 52.227372662840033 ], [ 4.784016716460862, 52.22873699643624 ], [ 4.794575697702013, 52.226730665167196 ], [ 4.794429874012166, 52.223423400268835 ], [ 4.802146923109381, 52.217640635613058 ], [ 4.802925127414566, 52.201027757096675 ], [ 4.813594310150965, 52.201847118580829 ], [ 4.814399874184102, 52.199309252982054 ], [ 4.822253479093348, 52.196093515658717 ], [ 4.823615970080416, 52.193165472153233 ], [ 4.844061511056247, 52.180065687099898 ], [ 4.855465082153651, 52.178957715872926 ], [ 4.892178256131188, 52.161797920338351 ], [ 4.873623464337562, 52.156082509353375 ], [ 4.874518480819272, 52.13883141526054 ], [ 4.855238666869632, 52.137209618487169 ], [ 4.851535293860712, 52.13961564400995 ], [ 4.842583825816129, 52.139533122415152 ], [ 4.8407933405923, 52.14147676712399 ], [ 4.837520577969921, 52.140643750908687 ], [ 4.83305311287392, 52.144706057555673 ], [ 4.826471851529682, 52.142176331211722 ], [ 4.820533623926715, 52.142228768198208 ], [ 4.816665724377837, 52.139386931291526 ], [ 4.813111094566534, 52.140173243654658 ], [ 4.808726905233107, 52.137266629034883 ], [ 4.806365640775117, 52.12739626947748 ], [ 4.801980656694714, 52.124857543869247 ], [ 4.79835765554231, 52.125300603433971 ], [ 4.79236030114726, 52.123383272458433 ], [ 4.792080179629929, 52.122287379380666 ], [ 4.825314741101429, 52.107151089381802 ], [ 4.823055886140577, 52.105192804673514 ], [ 4.823394703790609, 52.092801216558655 ], [ 4.826275687671352, 52.074643575578378 ], [ 4.833045259568278, 52.074826929834614 ], [ 4.834035388545845, 52.072735850294038 ], [ 4.829807903191146, 52.066823402842914 ], [ 4.840376439874552, 52.068880068271909 ], [ 4.873200411814851, 52.06874539314768 ], [ 4.868225038756269, 52.063446332721441 ], [ 4.856305076402218, 52.059151787287306 ], [ 4.84804850001504, 52.05816468475323 ], [ 4.829490283666744, 52.04981340023965 ], [ 4.81719293019651, 52.036931096710788 ], [ 4.811822228051342, 52.033824511073817 ], [ 4.806704370126562, 52.033167301576114 ], [ 4.809933419604729, 52.026764517156323 ], [ 4.798700208048421, 52.022271728063245 ], [ 4.803410173810588, 52.014144549038214 ], [ 4.815858924397683, 52.014029992082222 ], [ 4.824994256849446, 52.017236608917543 ], [ 4.833334776270465, 52.016422934471429 ], [ 4.847203421273327, 52.01797430343013 ], [ 4.857126556382675, 52.005959507987889 ], [ 4.817805905521922, 51.999766889053781 ], [ 4.835217848184357, 51.986143020508017 ], [ 4.845546370421593, 51.975200503739856 ], [ 4.860382219234602, 51.968013506222817 ], [ 4.871597951255687, 51.95371069670307 ], [ 4.877792920155559, 51.938030675583256 ], [ 4.914011340842761, 51.942435937938967 ], [ 4.926301291212211, 51.950927944259654 ], [ 4.929475474039462, 51.950191449182 ], [ 4.939235057525854, 51.92893807144501 ], [ 4.947639620853774, 51.933710435186072 ], [ 4.956157452716007, 51.915591063868831 ], [ 4.964785223739406, 51.913518960965177 ], [ 4.964128182781911, 51.910638002342715 ], [ 4.9737406249717, 51.907667412435679 ], [ 4.973410699441999, 51.897250049557194 ], [ 4.994968055710085, 51.90229233350238 ], [ 4.999452273459162, 51.884283506417155 ], [ 4.994952452765419, 51.876956294055198 ], [ 4.996238125000912, 51.873119191568748 ], [ 5.026955908456511, 51.881918205092958 ], [ 5.021816542542113, 51.869115528579734 ], [ 5.027387882340033, 51.863739025037624 ], [ 5.02690796057883, 51.858607715033884 ], [ 5.015628107501588, 51.859178052113116 ], [ 5.005247918789366, 51.857933318261686 ], [ 4.995964976506217, 51.861848551960058 ], [ 4.993967838095062, 51.861222725681316 ], [ 4.998305130534676, 51.854861514160824 ], [ 4.999296319520618, 51.844599880833691 ], [ 5.031415001585676, 51.841084802418273 ], [ 5.026351766763361, 51.81885673991696 ], [ 5.012996075252312, 51.820725753288201 ], [ 4.98775692375039, 51.82105936355812 ], [ 4.936064116271526, 51.828314499560413 ], [ 4.926986579793933, 51.828305961355113 ], [ 4.909126363448169, 51.825377442159166 ], [ 4.889400948115376, 51.818895015343351 ], [ 4.859667267153294, 51.802684346079175 ], [ 4.845984335976476, 51.79875695585519 ], [ 4.836108440957887, 51.797839096697679 ], [ 4.806875681322383, 51.800336286486093 ], [ 4.797194138180013, 51.799769964644248 ], [ 4.773539017784451, 51.793324335789563 ], [ 4.765224479150236, 51.789208362000622 ], [ 4.755239671168641, 51.781611405533646 ], [ 4.744788205733936, 51.763487431646098 ], [ 4.736630793974386, 51.755568379492274 ], [ 4.703745677747655, 51.736927471865357 ], [ 4.681597589101821, 51.728418728028295 ], [ 4.675222591695756, 51.724209390396112 ], [ 4.64450002594492, 51.718955772798871 ], [ 4.641044938285016, 51.723414216164919 ], [ 4.643852296104245, 51.718826986619149 ], [ 4.639805486857646, 51.723205727601368 ], [ 4.634357876393385, 51.721539894390965 ], [ 4.636430503290081, 51.717350504559491 ], [ 4.633918250677668, 51.721422729035552 ], [ 4.628185083773613, 51.720350478374392 ], [ 4.627865192311184, 51.725510763554503 ], [ 4.627739775775525, 51.719976619836807 ], [ 4.618555306064787, 51.723256559858243 ], [ 4.605927263751629, 51.717066357152895 ], [ 4.588661049157416, 51.712218604465093 ], [ 4.590189422112285, 51.716334785941505 ], [ 4.586982413476063, 51.713892853812425 ], [ 4.5880988615354, 51.712030139718401 ], [ 4.574895340001294, 51.71067229825416 ], [ 4.556760351249097, 51.704480153550932 ], [ 4.530444869977228, 51.700642705718572 ], [ 4.468276649484727, 51.71495812206205 ], [ 4.451963541867372, 51.715529656652258 ], [ 4.451619549624453, 51.717852757512318 ], [ 4.44803390258872, 51.717706214763602 ], [ 4.451567270647259, 51.714979769398006 ], [ 4.446190059384203, 51.715476407510316 ], [ 4.444889467963145, 51.717035452228032 ], [ 4.446585946010943, 51.717626520865224 ], [ 4.443986858994839, 51.717505985087719 ], [ 4.445266594586432, 51.715455685228491 ], [ 4.442091168847761, 51.716647871843314 ], [ 4.438729145190596, 51.715602831872573 ], [ 4.418133279816701, 51.718778821944817 ], [ 4.419525061963385, 51.720834662155141 ], [ 4.416913186936359, 51.719026615250023 ], [ 4.406019722257751, 51.721899242609595 ], [ 4.398230774354304, 51.711334347871031 ], [ 4.400933892936382, 51.709391911864934 ], [ 4.397297712041433, 51.706531933430355 ], [ 4.398487884565643, 51.704486893551874 ], [ 4.402160132005975, 51.704276770784908 ], [ 4.39887861360544, 51.702211593908196 ], [ 4.40363760711812, 51.698713001103698 ], [ 4.39448781870767, 51.693764993154382 ], [ 4.395036899269228, 51.695754682418638 ], [ 4.391380903459685, 51.697120426594999 ], [ 4.378349528113811, 51.693647674112036 ], [ 4.372205141474913, 51.69365971052774 ], [ 4.371461168386245, 51.695254926131156 ], [ 4.363358235738619, 51.694955217736272 ], [ 4.367965737993213, 51.685267809381756 ], [ 4.367244880886324, 51.683121618408073 ], [ 4.363702865887754, 51.682495947256967 ], [ 4.36573999565621, 51.681819109576139 ], [ 4.364518227426736, 51.677772609742263 ], [ 4.357139836366732, 51.671218097289383 ], [ 4.329256015171408, 51.662908038207298 ], [ 4.299298534869847, 51.65956109896522 ], [ 4.280630985806995, 51.654528132677385 ], [ 4.257492613955584, 51.656364234792555 ], [ 4.232463893855989, 51.661404829648603 ], [ 4.22278020160011, 51.668137433815815 ], [ 4.220150439339214, 51.673784072390973 ], [ 4.210672682052629, 51.676313926347596 ], [ 4.207599925898773, 51.676231996511 ], [ 4.206972029302497, 51.674894906674069 ], [ 4.205373863638167, 51.677642705934772 ], [ 4.194453172876063, 51.679291797325661 ], [ 4.189117097262939, 51.682983296556095 ], [ 4.168378630088629, 51.683439341178143 ], [ 4.164166486193457, 51.687233464055645 ], [ 4.157346466399527, 51.682492013351613 ], [ 4.155479750720507, 51.683418724486856 ], [ 4.162513162794144, 51.68778130417865 ], [ 4.155228529793765, 51.696588138318241 ], [ 4.131756705402469, 51.703834770152483 ], [ 4.128888958970245, 51.703343745192264 ], [ 4.122708101572923, 51.706382150571379 ], [ 4.111019618369001, 51.707846774117087 ], [ 4.091347814646913, 51.706448419692158 ], [ 4.08659209471174, 51.707535994271389 ], [ 4.085906470879507, 51.709011580451396 ], [ 4.082770309084313, 51.706513914943692 ], [ 4.076483755418318, 51.708638330435839 ], [ 4.069915560691262, 51.707847613243679 ], [ 4.058900990872336, 51.711641804382552 ], [ 4.050714055086901, 51.711695096430013 ], [ 4.048402117262578, 51.714728440321693 ], [ 4.05058677289347, 51.717550918101033 ], [ 4.040686229821379, 51.727240247068707 ], [ 4.037957446501348, 51.735288210696098 ], [ 4.033222386702652, 51.738434247161891 ], [ 4.034776339554582, 51.743807427610435 ], [ 4.031456098795959, 51.745533511601195 ], [ 4.029823549627326, 51.742687780696798 ], [ 4.025914640907456, 51.741619497946203 ], [ 4.022381623762841, 51.743298847701318 ], [ 4.017191800857508, 51.756170737903567 ], [ 4.027253336895884, 51.757699918117638 ], [ 4.019178637055399, 51.760936551667669 ], [ 4.022853979769105, 51.76904669001599 ], [ 4.018417179051998, 51.770520320394247 ], [ 4.020347264100743, 51.779290267356465 ], [ 4.004390539813541, 51.791221923174227 ], [ 4.002275391319566, 51.794415722146162 ], [ 4.003490221835152, 51.79701493900982 ], [ 3.992170187845262, 51.80183586405677 ], [ 3.970614037077473, 51.800809696168983 ], [ 3.968247887521044, 51.803116035726113 ], [ 3.949428693673569, 51.803379668556218 ], [ 3.935117542275667, 51.797301133926261 ], [ 3.933749590964132, 51.798235359175898 ], [ 3.921161577879431, 51.796907020084809 ], [ 3.912101543997198, 51.795143143681969 ], [ 3.912613118222364, 51.793809023731349 ], [ 3.907643104636053, 51.792181055673048 ], [ 3.89698054796023, 51.793590000024956 ], [ 3.890672472053605, 51.79207904633877 ], [ 3.889705172782411, 51.789486129978926 ], [ 3.895728574161742, 51.784910923994545 ], [ 3.887059957250479, 51.780472276561262 ], [ 3.885757844402737, 51.781791779949323 ], [ 3.884203115460524, 51.781208242143542 ], [ 3.885517298585583, 51.779985037485794 ], [ 3.884135693059091, 51.781186021955492 ], [ 3.882033923957981, 51.780634848427667 ], [ 3.882910068119747, 51.779179337772909 ], [ 3.87172744594954, 51.781936725731512 ], [ 3.869498477197589, 51.781177630053783 ], [ 3.8671174943765, 51.77628767109092 ], [ 3.868513939932213, 51.775727152977375 ], [ 3.865538314777083, 51.77497823543613 ], [ 3.859472771732932, 51.765318908199404 ], [ 3.861246855775991, 51.762937252544518 ], [ 3.858701177548099, 51.762593548977016 ], [ 3.855426077686494, 51.757864341149173 ], [ 3.860614780750553, 51.757020615233834 ], [ 3.863205041343216, 51.760913297886482 ], [ 3.864914668644351, 51.758731712335511 ], [ 3.87428752444798, 51.754893722548424 ], [ 3.871049979217851, 51.750827233234524 ], [ 3.853389445740085, 51.752803932294576 ], [ 3.853111949974344, 51.754473925229476 ], [ 3.852067683762007, 51.75291450444616 ], [ 3.852141454703288, 51.755116439009853 ], [ 3.846112268723916, 51.757161943131088 ], [ 3.842477250286677, 51.756305017085339 ], [ 3.838531395017365, 51.759867158848778 ], [ 3.859935233530656, 51.770905084309099 ], [ 3.864435318286609, 51.778125449275251 ], [ 3.865100500755738, 51.785046727227716 ], [ 3.854669775416118, 51.805259397721791 ], [ 3.859575588837143, 51.813898573609166 ], [ 3.869330608643748, 51.819603032085382 ], [ 3.892389709026217, 51.825773831691329 ], [ 3.909282237837099, 51.826788164085038 ], [ 3.9480818165348, 51.839697407880202 ], [ 3.950857070803434, 51.838254594489371 ], [ 3.968768882168249, 51.842567962675297 ], [ 3.984413674407152, 51.844259169084339 ], [ 4.000221457992049, 51.849297902181384 ], [ 4.00888860546323, 51.849927995782551 ], [ 4.012303017289803, 51.849292557922759 ], [ 4.012449863487425, 51.847690002755847 ], [ 4.008507147677803, 51.845466553503321 ], [ 4.008279940547175, 51.842733215912595 ], [ 4.014922255684437, 51.840479892667481 ], [ 4.013732949396088, 51.836530583308516 ], [ 4.026658671234498, 51.829259931996937 ], [ 4.031811533395457, 51.831014090316579 ], [ 4.028518134644025, 51.827335710826759 ], [ 4.036014137036098, 51.823635958970776 ], [ 4.038195063251015, 51.825231683357032 ], [ 4.033075415859424, 51.827917129759037 ], [ 4.03326246449815, 51.829625711143336 ], [ 4.039501391262771, 51.828077017056309 ], [ 4.044723528656431, 51.829178964609277 ], [ 4.056318897953095, 51.839151517071919 ], [ 4.067459571833728, 51.845423423449056 ], [ 4.06566445831748, 51.852784659266462 ], [ 4.029378653558065, 51.886373963921905 ], [ 4.030947530081666, 51.892371792985479 ], [ 4.047597675855535, 51.907778991763806 ], [ 4.050308807884484, 51.907324141077588 ], [ 4.052272066786056, 51.909129973071764 ], [ 4.0505315577314, 51.909917696493174 ], [ 4.053275465732048, 51.914509544854447 ], [ 4.052658693642727, 51.918379698640997 ], [ 4.040137053229322, 51.923907489302501 ], [ 4.029425658364523, 51.920707258923819 ], [ 4.018814371076434, 51.92058895127883 ], [ 4.01621017808731, 51.918814446186687 ], [ 3.999063335330183, 51.915131009583284 ], [ 3.989990453130285, 51.917349106651791 ], [ 3.985221077792962, 51.916247879662336 ], [ 3.983794079643662, 51.918095457786961 ], [ 3.9635003786769, 51.954198431306231 ], [ 3.962386773672419, 51.96154270742575 ], [ 3.964821408819637, 51.966881450352588 ], [ 3.980748663333632, 51.983587375975773 ], [ 4.004095375978255, 51.989037734049113 ], [ 4.023864898065568, 51.985768120874916 ], [ 4.032728627744961, 51.98749696815792 ], [ 4.04168549512258, 51.985970759932151 ], [ 4.047148100779457, 51.994336741374106 ], [ 4.093336386289677, 51.984979617658212 ], [ 4.097016966263733, 51.985048358457099 ], [ 4.110139138075267, 51.9920032094888 ], [ 4.137402252916091, 52.009891094421732 ], [ 4.168188423698872, 52.033992676047397 ], [ 4.187647653758942, 52.056449651123692 ], [ 4.189178921995794, 52.055467115392588 ], [ 4.187483568271245, 52.05211638927905 ], [ 4.189565359000698, 52.051497756275452 ], [ 4.205140633236357, 52.060612584012411 ], [ 4.202413986356266, 52.061528581536329 ], [ 4.225485927212434, 52.074373314685474 ], [ 4.243606490506805, 52.088256720953851 ], [ 4.255232821540517, 52.098065722231148 ], [ 4.256071118730901, 52.099784420974686 ], [ 4.253827721922489, 52.101214637468644 ], [ 4.252462096663094, 52.103947766275013 ], [ 4.257942965727375, 52.098914027232588 ], [ 4.260544454683846, 52.098666300934902 ], [ 4.259394236135388, 52.097014190116688 ], [ 4.26375190591553, 52.096894018259263 ], [ 4.264170790325013, 52.098630573700262 ], [ 4.266911687295544, 52.097348902559574 ], [ 4.264192295169757, 52.094252445879086 ], [ 4.271725273925704, 52.099564734720111 ], [ 4.267196262736144, 52.097485980153955 ], [ 4.265411761536397, 52.098743150224202 ], [ 4.268732739469603, 52.101106337928648 ], [ 4.26721401225358, 52.101903465148183 ], [ 4.261235984639123, 52.099212033887852 ], [ 4.256175976100322, 52.104186417516225 ], [ 4.258937269810192, 52.102277726359553 ], [ 4.261447413609205, 52.102943204771293 ], [ 4.28165793398366, 52.116225763825817 ], [ 4.279153268919224, 52.116817287607361 ], [ 4.279648851041062, 52.117864852624358 ], [ 4.281844259364989, 52.116323549020265 ], [ 4.30263667331846, 52.128520206076907 ], [ 4.345101775764305, 52.161213572018717 ], [ 4.374378479943374, 52.186898473643929 ], [ 4.397040878517189, 52.212312009173999 ], [ 4.400440258219795, 52.211057903275012 ], [ 4.398195622905507, 52.212481187224668 ], [ 4.399785542126679, 52.214845915402883 ], [ 4.447261778147979, 52.267244853294379 ], [ 4.493971128476394, 52.328198082937682 ] ], [ [ 4.057876198412008, 51.837575094245288 ], [ 4.044977634667181, 51.829054023593095 ], [ 4.046716569131325, 51.821670609677859 ], [ 4.041227352284917, 51.823199201170709 ], [ 4.038689995488166, 51.821213259289223 ], [ 4.04383218692294, 51.818584937091032 ], [ 4.043688607149377, 51.817076805762881 ], [ 4.049025450383246, 51.821016601778545 ], [ 4.053691097941143, 51.819648207092762 ], [ 4.054491025379585, 51.820981539543382 ], [ 4.06335979960011, 51.813440664031226 ], [ 4.093435898577658, 51.804475624597615 ], [ 4.115992634312063, 51.795631652650307 ], [ 4.121040322022768, 51.795420561821004 ], [ 4.121567008449433, 51.793863660307117 ], [ 4.129004811300515, 51.791830170951052 ], [ 4.126335438271543, 51.789439736614085 ], [ 4.13136390823378, 51.787856782776664 ], [ 4.133657118299396, 51.790585208532306 ], [ 4.137876102192005, 51.789414015996265 ], [ 4.136013330405833, 51.786701482507063 ], [ 4.14024703424542, 51.785428071306704 ], [ 4.143031233881514, 51.787935979651223 ], [ 4.164667775980705, 51.77942405266603 ], [ 4.181200691587414, 51.775578247513799 ], [ 4.187552063341047, 51.775512659781533 ], [ 4.191718761231765, 51.773840824517592 ], [ 4.19081658714433, 51.772613493919785 ], [ 4.193383064205843, 51.774466037766487 ], [ 4.193979936733431, 51.771619388157504 ], [ 4.216972804342559, 51.757054436599752 ], [ 4.244656177448592, 51.743982209294956 ], [ 4.243168908329224, 51.742786569158781 ], [ 4.246304983107398, 51.741930421067352 ], [ 4.243412033426132, 51.740156751741246 ], [ 4.246574919487485, 51.741715439337348 ], [ 4.262834129934871, 51.727539757193135 ], [ 4.271732314810657, 51.723136826386053 ], [ 4.281735977150059, 51.720962918750764 ], [ 4.280529580280435, 51.71823692688573 ], [ 4.282611681828513, 51.720435824063443 ], [ 4.298578132001538, 51.716784532752143 ], [ 4.318763418528237, 51.705872066146661 ], [ 4.329449739385753, 51.702624369748939 ], [ 4.383713265061938, 51.702089258711034 ], [ 4.393897326017025, 51.706451688426036 ], [ 4.394801313399592, 51.710969774256 ], [ 4.397899164025632, 51.711413086901239 ], [ 4.403309650922149, 51.720108058192864 ], [ 4.400005874667966, 51.721604534834505 ], [ 4.402915837553908, 51.721385162197684 ], [ 4.404230389860321, 51.723328480195271 ], [ 4.349498755377211, 51.74333175144158 ], [ 4.317199436560089, 51.751851158443436 ], [ 4.31761556669091, 51.754412372902856 ], [ 4.316836560562426, 51.75213905865904 ], [ 4.290243022142982, 51.757589570067218 ], [ 4.296356019415101, 51.757356683932748 ], [ 4.271697314443221, 51.760327644872731 ], [ 4.248950224869959, 51.765829529470352 ], [ 4.230411516658013, 51.780418385791322 ], [ 4.23224401004796, 51.781721403985564 ], [ 4.237324691516505, 51.779858671750134 ], [ 4.250416919815168, 51.784078558896788 ], [ 4.230053659188037, 51.788045951797805 ], [ 4.221891260688387, 51.794372667529473 ], [ 4.221746330226765, 51.796271467937679 ], [ 4.217583348506716, 51.796733149018806 ], [ 4.211629810672547, 51.800131473442107 ], [ 4.201102922946731, 51.80319584322649 ], [ 4.181975237924131, 51.80494121649442 ], [ 4.166466107564539, 51.817537450196653 ], [ 4.15859669527603, 51.821826014601093 ], [ 4.1399872741707, 51.822593153321797 ], [ 4.138786591134172, 51.819949513692002 ], [ 4.128325837102463, 51.81922559189443 ], [ 4.130321387776331, 51.828595571525277 ], [ 4.128438602535911, 51.829642799622789 ], [ 4.127849748599024, 51.819319024091662 ], [ 4.12416204286926, 51.821705924017195 ], [ 4.121247619908067, 51.820446361314296 ], [ 4.123568917813436, 51.825676176455033 ], [ 4.121568075276499, 51.826928439633576 ], [ 4.117604725008974, 51.821777701878013 ], [ 4.119421286688929, 51.820624780212491 ], [ 4.11654817857096, 51.821650946809036 ], [ 4.117436399455715, 51.825224132729339 ], [ 4.115489779521052, 51.826858784689797 ], [ 4.102907731950634, 51.828293353556525 ], [ 4.103045383579452, 51.827081002060794 ], [ 4.09424860292776, 51.829034728209294 ], [ 4.073784114950628, 51.842561363363679 ], [ 4.057876198412008, 51.837575094245288 ] ] ] ] } },
{ "type": "Feature", "properties": { "statcode": "PV29", "jrstatcode": "2025PV29", "statnaam": "Zeeland", "rubriek": "provincie", "id": 10 }, "geometry": { "type": "MultiPolygon", "coordinates": [ [ [ [ 3.519434877269571, 51.40749187767404 ], [ 3.547676437016821, 51.405168150806254 ], [ 3.550997827684663, 51.405951828067209 ], [ 3.546522118520746, 51.403522553501666 ], [ 3.547762091504851, 51.401315865260301 ], [ 3.550911119887996, 51.400736994513416 ], [ 3.553284389617697, 51.40469614056034 ], [ 3.552605625725025, 51.401385940428277 ], [ 3.567859619372317, 51.40061625832486 ], [ 3.562764507893207, 51.396062351432477 ], [ 3.566296764759894, 51.39846432048315 ], [ 3.56467571976864, 51.395318810360919 ], [ 3.568436591569779, 51.39654193928542 ], [ 3.568590753013115, 51.395190064145936 ], [ 3.57348757910112, 51.394907374558819 ], [ 3.574383762916546, 51.39566253329253 ], [ 3.568243469229846, 51.399248846890103 ], [ 3.578322159146232, 51.393864232103638 ], [ 3.584816820668444, 51.387898493068889 ], [ 3.60694058772035, 51.385182654643991 ], [ 3.615768848827528, 51.380528654913313 ], [ 3.64075362898422, 51.375903867582494 ], [ 3.66243297969384, 51.373707679085705 ], [ 3.665871894024701, 51.374653305785756 ], [ 3.687396863971868, 51.371258653037977 ], [ 3.693611615411788, 51.363986043802591 ], [ 3.72253628280077, 51.349617976541204 ], [ 3.758132469571585, 51.347868621869686 ], [ 3.754981871541463, 51.341063757654936 ], [ 3.768171141671256, 51.336329166398336 ], [ 3.770966431210494, 51.336263584298223 ], [ 3.769619541802125, 51.348569428895388 ], [ 3.771756491142881, 51.350265498765395 ], [ 3.788994759810484, 51.349557345743278 ], [ 3.800137136611826, 51.344322415023527 ], [ 3.80988403417853, 51.343500087023486 ], [ 3.807152249702775, 51.338400181050652 ], [ 3.815730630399628, 51.329659015507211 ], [ 3.813361141855544, 51.336868479072997 ], [ 3.816279675108972, 51.335931104697977 ], [ 3.816018007279864, 51.337035029910282 ], [ 3.816785428269256, 51.335749909485045 ], [ 3.817253531519501, 51.337231571138112 ], [ 3.813980345733701, 51.342820873408179 ], [ 3.817765316342537, 51.342874364023942 ], [ 3.819161091686068, 51.336272206080046 ], [ 3.821731235578761, 51.339767083750985 ], [ 3.819841805156101, 51.342570002815719 ], [ 3.823811419169941, 51.34099547701971 ], [ 3.827338426507493, 51.343220049963222 ], [ 3.824864630406991, 51.341043416210326 ], [ 3.829281556226714, 51.339691175766539 ], [ 3.829152327286288, 51.342536399463206 ], [ 3.830160669346188, 51.339422005559427 ], [ 3.842046134565059, 51.335818373968706 ], [ 3.866852993386078, 51.336369109222396 ], [ 3.873909926049534, 51.341856181855448 ], [ 3.875596789246857, 51.346304319251935 ], [ 3.884843286323204, 51.34763241440249 ], [ 3.884845129811952, 51.349360765952603 ], [ 3.885550492951835, 51.347758356638295 ], [ 3.891186988601968, 51.348761945576285 ], [ 3.905045440205753, 51.357218735854914 ], [ 3.91743526103506, 51.361251131339934 ], [ 3.936637980656237, 51.363583727490024 ], [ 3.948361788675919, 51.367244464013432 ], [ 3.95470621992952, 51.367496069515504 ], [ 3.958020227248917, 51.365215688746488 ], [ 3.963238988090425, 51.381415021111081 ], [ 3.968163551379349, 51.38562812390952 ], [ 3.963890782407005, 51.399373682986131 ], [ 3.970834569014676, 51.405700643909348 ], [ 3.974308756842593, 51.406688738561456 ], [ 3.99172720991749, 51.405741970233358 ], [ 3.993260863017742, 51.404061007208526 ], [ 4.019079957263008, 51.401407621401702 ], [ 4.01636847176939, 51.399030154759849 ], [ 4.01839990157523, 51.396985982976993 ], [ 4.02180892974154, 51.398068394332185 ], [ 4.022188021714667, 51.400598174924788 ], [ 4.024916839925337, 51.39426613804747 ], [ 4.029111985925671, 51.393511919233767 ], [ 4.034889552435344, 51.382533055244835 ], [ 4.032622556754781, 51.38336492471273 ], [ 4.033342904998339, 51.381025054684251 ], [ 4.035487620061146, 51.381943665183513 ], [ 4.04407928379799, 51.370920515534301 ], [ 4.049450369038717, 51.366967228190212 ], [ 4.085972847262705, 51.364173563939133 ], [ 4.092360532713862, 51.361451384506545 ], [ 4.096248056476673, 51.361390269582714 ], [ 4.098627145956856, 51.35907106127403 ], [ 4.110962610362572, 51.354377136316678 ], [ 4.110491257722217, 51.352034441124438 ], [ 4.111546487109166, 51.35407080707315 ], [ 4.115434062209966, 51.352423682302664 ], [ 4.134070625049799, 51.336580103040966 ], [ 4.134094132827887, 51.343722470598891 ], [ 4.112623383655462, 51.360622194009615 ], [ 4.114944786676068, 51.363032008288691 ], [ 4.130925398424391, 51.364496860909981 ], [ 4.139251236353634, 51.361217659964815 ], [ 4.150323123312953, 51.349479965093309 ], [ 4.157988726243724, 51.347284984339353 ], [ 4.151598908810833, 51.366393642697155 ], [ 4.155608383591193, 51.368787678215753 ], [ 4.172839772271018, 51.373354255761939 ], [ 4.173209920889428, 51.360656493127046 ], [ 4.176876265226487, 51.362390906028622 ], [ 4.177125755180962, 51.367320023890876 ], [ 4.185444604243893, 51.374861484669871 ], [ 4.191415574841455, 51.376419181612896 ], [ 4.206455857852878, 51.374471600111399 ], [ 4.212961718249248, 51.368390306559391 ], [ 4.212412724358686, 51.36606574093917 ], [ 4.215480861654346, 51.364088288929999 ], [ 4.216559144327875, 51.360285001724229 ], [ 4.2201492562112, 51.361669503969765 ], [ 4.223903126239517, 51.358158428597804 ], [ 4.223861575205852, 51.355181124752178 ], [ 4.234695748797679, 51.348060158478916 ], [ 4.166131684622441, 51.292892888103744 ], [ 4.070639644368734, 51.250694544352754 ], [ 4.064100161951131, 51.247501788368574 ], [ 4.061848169984397, 51.244572912264999 ], [ 4.039880435829457, 51.241448461314135 ], [ 4.036537324935712, 51.245678412009255 ], [ 4.024490492773247, 51.241499845967965 ], [ 4.020934080691961, 51.245365558660886 ], [ 4.014866775123174, 51.245087276172512 ], [ 4.005692969250327, 51.241875906259807 ], [ 3.99971837748672, 51.237665173471193 ], [ 3.992488354612497, 51.23636223628349 ], [ 3.988114719026215, 51.233219336285678 ], [ 3.986204966739495, 51.234159522992712 ], [ 3.978918694509599, 51.225366224780757 ], [ 3.964285985493565, 51.223949870146313 ], [ 3.958562369800438, 51.215807282018417 ], [ 3.946639460264068, 51.215507960376272 ], [ 3.935980046949743, 51.211892761886517 ], [ 3.929418487718968, 51.220260367701009 ], [ 3.925449813319951, 51.217106291877144 ], [ 3.919632176171108, 51.217070760502715 ], [ 3.91867515194405, 51.214972632644155 ], [ 3.916004714102156, 51.214633928870946 ], [ 3.918628603069132, 51.207763488485206 ], [ 3.915337450899535, 51.208169836898584 ], [ 3.911546881757407, 51.205444639448395 ], [ 3.900552959590137, 51.2023845870767 ], [ 3.894664201698085, 51.20349697839481 ], [ 3.88634956239529, 51.20016212162249 ], [ 3.877625583726642, 51.208013017227046 ], [ 3.890243949458008, 51.213995914602016 ], [ 3.893346464840767, 51.218662466839021 ], [ 3.888602108020607, 51.222998633015386 ], [ 3.85957377021844, 51.210830687249825 ], [ 3.852411358092718, 51.213215735004944 ], [ 3.84235057099063, 51.212161705243986 ], [ 3.835666588768098, 51.213157983183798 ], [ 3.826925920321086, 51.20935907226955 ], [ 3.821154322714594, 51.209205944152735 ], [ 3.806027099486739, 51.213379313543108 ], [ 3.804357666393657, 51.213230282711109 ], [ 3.80498973830327, 51.21012062957049 ], [ 3.799291481405536, 51.21086436944411 ], [ 3.797232468113724, 51.212897848071748 ], [ 3.791145327659945, 51.214012376045403 ], [ 3.789539816956275, 51.216087225828531 ], [ 3.788455287109495, 51.226372811593038 ], [ 3.789451517516511, 51.245786278758096 ], [ 3.795473312015919, 51.25605333385105 ], [ 3.785433763757403, 51.258467317779555 ], [ 3.773783624891376, 51.263975223716528 ], [ 3.769263614256833, 51.259861884325709 ], [ 3.762513734451923, 51.261780827005524 ], [ 3.755714361013628, 51.269344146403199 ], [ 3.752412550913711, 51.270266685222303 ], [ 3.751725730724751, 51.26916048561408 ], [ 3.723128975561125, 51.273342771943391 ], [ 3.718913473277976, 51.271535425649645 ], [ 3.712701058447133, 51.272103083835447 ], [ 3.693933704810684, 51.276039043628806 ], [ 3.689932380923914, 51.280608961596016 ], [ 3.677908619990842, 51.28053165456879 ], [ 3.676756693768039, 51.283064625516182 ], [ 3.658100251486693, 51.290188526560136 ], [ 3.644406077491247, 51.290110850536792 ], [ 3.640820302963255, 51.288087384606861 ], [ 3.625710053445718, 51.293338297159401 ], [ 3.621227879131431, 51.292765104518118 ], [ 3.614716596297229, 51.297718857925609 ], [ 3.590831945529532, 51.304416571112448 ], [ 3.591781060702854, 51.305339985145025 ], [ 3.589891771381381, 51.30582435405077 ], [ 3.581112842230292, 51.298321300785936 ], [ 3.587927919614961, 51.292960462686672 ], [ 3.583385070847283, 51.29225423511614 ], [ 3.583879517433894, 51.288884566254005 ], [ 3.581812050366053, 51.28691251154607 ], [ 3.579831342791779, 51.288766834417324 ], [ 3.576159447211195, 51.288007131356139 ], [ 3.571941280982722, 51.291963472160468 ], [ 3.562707484104423, 51.29585625535605 ], [ 3.559759217424614, 51.295454689501057 ], [ 3.555691854746393, 51.289799174425092 ], [ 3.543426645186727, 51.291197758211268 ], [ 3.538003287332729, 51.28365614696925 ], [ 3.53366547891384, 51.283488774360734 ], [ 3.529129762226806, 51.288743728010566 ], [ 3.515414802754316, 51.287150600621018 ], [ 3.527594176570136, 51.24604015673399 ], [ 3.450385230527772, 51.241614473426715 ], [ 3.432313830305593, 51.245609359776587 ], [ 3.42747886663724, 51.244656938389774 ], [ 3.424405324096568, 51.254476584526735 ], [ 3.418335773706577, 51.257484977307641 ], [ 3.417138677804625, 51.259778004226447 ], [ 3.411564180100573, 51.256927799801737 ], [ 3.407402917228006, 51.256962060287378 ], [ 3.40316227369099, 51.262463167728754 ], [ 3.394533609820718, 51.26541847162656 ], [ 3.387865026010037, 51.273250017553657 ], [ 3.378394184360014, 51.275025984643385 ], [ 3.375800034297938, 51.277078428764163 ], [ 3.375929538395312, 51.279484617148178 ], [ 3.381680140709214, 51.28162350684277 ], [ 3.380796229076361, 51.286961469942355 ], [ 3.370287028730007, 51.291940419061163 ], [ 3.366803218856306, 51.295643938134795 ], [ 3.367390929112882, 51.29962236650703 ], [ 3.378079453351804, 51.302650346545235 ], [ 3.358378188835681, 51.314981421538874 ], [ 3.3853056354223, 51.334258617225252 ], [ 3.383512995227167, 51.341205003621319 ], [ 3.374070693131908, 51.348507821649513 ], [ 3.374990032178593, 51.358887180212122 ], [ 3.372343113079223, 51.361993109429065 ], [ 3.373071526879075, 51.36468904410534 ], [ 3.369694209849306, 51.366909933634055 ], [ 3.37009810842603, 51.37246155266228 ], [ 3.380431109889706, 51.37829465542854 ], [ 3.380230450579782, 51.379935960693111 ], [ 3.382632753215804, 51.377823443045202 ], [ 3.381926504306293, 51.38048753909252 ], [ 3.385236182243897, 51.3793711299246 ], [ 3.430735134594496, 51.391520758090152 ], [ 3.436620682126581, 51.388457954079058 ], [ 3.440060344191589, 51.388493357878112 ], [ 3.455750469128773, 51.393628966042591 ], [ 3.487818171131255, 51.399509884385516 ], [ 3.504116891832523, 51.406641548555434 ], [ 3.519434877269571, 51.40749187767404 ] ] ], [ [ [ 3.691832737712947, 51.529280658787911 ], [ 3.690995831575464, 51.527251948589075 ], [ 3.691046545886635, 51.530576256919147 ], [ 3.691832737712947, 51.529280658787911 ] ] ], [ [ [ 3.716890456499065, 51.523827095140419 ], [ 3.713376345613649, 51.524915707577932 ], [ 3.720590658755893, 51.531852547096506 ], [ 3.72089579761585, 51.529327094525776 ], [ 3.715789697519256, 51.525131346960116 ], [ 3.716890456499065, 51.523827095140419 ] ] ], [ [ [ 3.779522059212001, 51.549671523804086 ], [ 3.777495246687324, 51.547733698325302 ], [ 3.770768041121842, 51.550272527263118 ], [ 3.772644692303971, 51.551998706630258 ], [ 3.779522059212001, 51.549671523804086 ] ] ], [ [ [ 3.769045134390563, 51.552368255870512 ], [ 3.770905767764535, 51.546801259251176 ], [ 3.760854758830494, 51.54760726357982 ], [ 3.756349284542477, 51.549432981240713 ], [ 3.769045134390563, 51.552368255870512 ] ] ], [ [ [ 3.695327356469742, 51.54207966278927 ], [ 3.689882718151818, 51.536929825188402 ], [ 3.687892509256865, 51.537116063813848 ], [ 3.686733494753582, 51.542980200459269 ], [ 3.682532585796965, 51.5483281058006 ], [ 3.681740217893402, 51.551666747373538 ], [ 3.683684903494257, 51.552853958233328 ], [ 3.688535338765989, 51.551511174509805 ], [ 3.694355899614077, 51.546839698382215 ], [ 3.695327356469742, 51.54207966278927 ] ] ], [ [ [ 3.672612159126188, 51.558995428162511 ], [ 3.675169967063655, 51.554228858562325 ], [ 3.670282711220057, 51.558447760219167 ], [ 3.672612159126188, 51.558995428162511 ] ] ], [ [ [ 3.672300433873416, 51.561363148461361 ], [ 3.67239850736643, 51.560291122860953 ], [ 3.665810352929786, 51.560344955408389 ], [ 3.667043572206978, 51.561600172222384 ], [ 3.672300433873416, 51.561363148461361 ] ] ], [ [ [ 3.93403164205322, 51.735748967044223 ], [ 3.912693592047243, 51.734047252645311 ], [ 3.911188078895619, 51.737127199693461 ], [ 3.914487102562493, 51.739342686866941 ], [ 3.919063478129063, 51.739417012864941 ], [ 3.93403164205322, 51.735748967044223 ] ] ], [ [ [ 3.937028308744059, 51.745804252374761 ], [ 3.962217615803332, 51.746056081891417 ], [ 3.948599775481147, 51.740048985736053 ], [ 3.938207203908714, 51.739960728881684 ], [ 3.937028308744059, 51.745804252374761 ] ] ], [ [ [ 4.015729642608473, 51.7262785317387 ], [ 4.006475562376267, 51.725328653546171 ], [ 4.003016462042226, 51.726566988179613 ], [ 3.997577492465105, 51.732167600166292 ], [ 3.99079095806574, 51.744907674548138 ], [ 3.981909345300606, 51.751513090481829 ], [ 3.978003145776039, 51.752581105287973 ], [ 3.982388094059534, 51.756353576566084 ], [ 3.9922216255927, 51.758312006088204 ], [ 3.997338627026227, 51.757859845029834 ], [ 3.996154254278213, 51.750771997246282 ], [ 4.002800207862532, 51.739419784318343 ], [ 4.008056904583578, 51.73382839812411 ], [ 4.016391974094618, 51.729120360714099 ], [ 4.015729642608473, 51.7262785317387 ] ] ], [ [ [ 3.842477250286677, 51.756305017085339 ], [ 3.839975047272226, 51.755146289597199 ], [ 3.841574826507376, 51.752253213176822 ], [ 3.837303808538843, 51.749332001969812 ], [ 3.835395285489365, 51.749876372004529 ], [ 3.840557776755419, 51.753331355561357 ], [ 3.837457765904286, 51.7552796126419 ], [ 3.831074514717464, 51.752418498762417 ], [ 3.830790098133396, 51.749281146405103 ], [ 3.827484859636362, 51.748943964565193 ], [ 3.825794081306143, 51.738847783103196 ], [ 3.83078183047163, 51.740053714235188 ], [ 3.842069712808709, 51.738760355187758 ], [ 3.846288692274819, 51.740470827335329 ], [ 3.844767806789944, 51.739160365124391 ], [ 3.849995113104675, 51.737507969182566 ], [ 3.851435736915279, 51.738604300542626 ], [ 3.847703010027277, 51.740132293902583 ], [ 3.854713565689656, 51.738480488535629 ], [ 3.887523346454989, 51.744231579026504 ], [ 3.891551174060442, 51.74381425458072 ], [ 3.889468668436017, 51.742955224855692 ], [ 3.891095613254532, 51.740121432466289 ], [ 3.89453086273325, 51.741064049519963 ], [ 3.903701001704332, 51.737672813000266 ], [ 3.906838749049552, 51.733129390045498 ], [ 3.911134987565458, 51.731883052668174 ], [ 3.913738754315242, 51.727511232390576 ], [ 3.915336191078325, 51.72833949764253 ], [ 3.913883893778467, 51.731346554606127 ], [ 3.918904962920646, 51.731999417351922 ], [ 3.926862975174595, 51.731620445838807 ], [ 3.943232144404967, 51.734309404437646 ], [ 3.944191459682779, 51.733353411808899 ], [ 3.971298104028527, 51.733618089068031 ], [ 3.973330780937618, 51.732871743505669 ], [ 3.970203581625163, 51.726702064278342 ], [ 3.971797051717801, 51.726506249705544 ], [ 3.974712055306163, 51.73184161593759 ], [ 3.978742999477, 51.730289442019895 ], [ 3.977236819751974, 51.729359399036589 ], [ 3.982733603243521, 51.725665056328069 ], [ 3.984765598173561, 51.719966731927052 ], [ 3.982455010496222, 51.717740644512773 ], [ 3.991476906510891, 51.71390750584748 ], [ 4.00706859189621, 51.703116480331921 ], [ 4.011280972721046, 51.697534610319018 ], [ 4.014881995313595, 51.686689163395897 ], [ 4.027066368989, 51.684394103887563 ], [ 4.02993328758994, 51.68254556195393 ], [ 4.044243793573203, 51.684638215771137 ], [ 4.068561268177659, 51.675199929509837 ], [ 4.076238558822367, 51.675921197985851 ], [ 4.077945627321514, 51.675175964446744 ], [ 4.074331047645781, 51.673599915185541 ], [ 4.080776267232782, 51.670945441484854 ], [ 4.084023171373577, 51.671571221726808 ], [ 4.083168722558855, 51.670506182032554 ], [ 4.086625304959257, 51.669166135488744 ], [ 4.088799396647008, 51.670659848193978 ], [ 4.087370137776064, 51.66887735589907 ], [ 4.091704819024609, 51.667083781187728 ], [ 4.114174864012111, 51.679289716543124 ], [ 4.121774304522337, 51.679363541236903 ], [ 4.122552662199919, 51.67749962509933 ], [ 4.128995719797229, 51.679606399565934 ], [ 4.130295881964586, 51.677965006483895 ], [ 4.137048897855092, 51.679573926335514 ], [ 4.14450315523193, 51.679164200474091 ], [ 4.148733727891087, 51.679735911574568 ], [ 4.155479750720507, 51.683418724486856 ], [ 4.157346466399527, 51.682492013351613 ], [ 4.155857668520843, 51.675556964505375 ], [ 4.163279017036361, 51.667709455011952 ], [ 4.171624805229365, 51.668264655278392 ], [ 4.173764663085699, 51.667202283283252 ], [ 4.166233436719203, 51.66724933610525 ], [ 4.165853582366096, 51.665748203647745 ], [ 4.161912280623649, 51.664658979370564 ], [ 4.174813006535315, 51.665472802372982 ], [ 4.183069632241218, 51.662980412649013 ], [ 4.177356953640962, 51.664563535586915 ], [ 4.164210378327932, 51.664228364717601 ], [ 4.16220157340242, 51.660366407089981 ], [ 4.182739468240028, 51.660900452037104 ], [ 4.182751329809269, 51.659404961291521 ], [ 4.166889321983531, 51.65921745646947 ], [ 4.166466588734306, 51.656450476175017 ], [ 4.169213529411395, 51.654418696270341 ], [ 4.182424086600289, 51.653583021824517 ], [ 4.181011852917247, 51.649356934283723 ], [ 4.191397635518942, 51.644502313018194 ], [ 4.19560537547347, 51.634672760574283 ], [ 4.2012236501617, 51.634780429963207 ], [ 4.195763387147404, 51.637986076575565 ], [ 4.200539956989324, 51.63922691583398 ], [ 4.211516686302258, 51.638543850104064 ], [ 4.217519797651624, 51.63531515777931 ], [ 4.237323671913122, 51.634014426763819 ], [ 4.214466608664734, 51.627664026921209 ], [ 4.205020844668492, 51.623561417048393 ], [ 4.19765949398557, 51.618047955092401 ], [ 4.19168488753337, 51.609336969426927 ], [ 4.190162322406804, 51.600953896546855 ], [ 4.195717966407269, 51.588975183355416 ], [ 4.228121118474746, 51.56371630668508 ], [ 4.235585635843284, 51.552723934688082 ], [ 4.235657042546331, 51.54324152183046 ], [ 4.219930778636129, 51.513802928943264 ], [ 4.218927212580822, 51.504858455046993 ], [ 4.275851638195848, 51.425049409009496 ], [ 4.266446871084605, 51.419979481724695 ], [ 4.263732257132608, 51.416449107420547 ], [ 4.269061035404936, 51.40034738964129 ], [ 4.268633596190043, 51.388126449506274 ], [ 4.26634902206735, 51.386540632019482 ], [ 4.268382049827371, 51.383545888174389 ], [ 4.273697687711427, 51.383149886457524 ], [ 4.277424577929724, 51.376035240109175 ], [ 4.243196203188866, 51.374810601329216 ], [ 4.24334778058702, 51.384111870793397 ], [ 4.231624569127984, 51.394900877772344 ], [ 4.216978373290296, 51.399428075376179 ], [ 4.206746720539293, 51.399661680200317 ], [ 4.203565618387798, 51.404321541394651 ], [ 4.198694899081084, 51.406724021998052 ], [ 4.173302599917386, 51.40182842349072 ], [ 4.153864125731725, 51.394573431746146 ], [ 4.138814476076386, 51.396541088261856 ], [ 4.133394721361947, 51.399082760275789 ], [ 4.079292519180071, 51.407478131486002 ], [ 4.07292349398906, 51.411820828053614 ], [ 4.061857331894528, 51.413709386938244 ], [ 4.051348781450593, 51.419997184398483 ], [ 4.051861698485039, 51.422136643842357 ], [ 4.046661794984193, 51.426189683849195 ], [ 4.050344625152709, 51.429845434882118 ], [ 4.032904071044085, 51.432490609488347 ], [ 4.033904067304724, 51.435920238561842 ], [ 4.032286485593268, 51.436924297050908 ], [ 4.03069226854583, 51.436909727716149 ], [ 4.029839281708428, 51.433350864319785 ], [ 4.029543358070373, 51.43568295837138 ], [ 4.016691194308952, 51.439765127047664 ], [ 4.012584570935791, 51.43940530669439 ], [ 4.016459864962774, 51.443880156377332 ], [ 4.011941463009343, 51.454537014787689 ], [ 4.009506647685957, 51.452894975453134 ], [ 4.009750788602312, 51.44004426428193 ], [ 4.006339482771489, 51.440477201603109 ], [ 4.005919162743588, 51.444084005620702 ], [ 4.003320114054992, 51.444014373293214 ], [ 3.993001013073629, 51.451341798045043 ], [ 3.986893345141667, 51.453619028689786 ], [ 3.981441327846905, 51.459646444030724 ], [ 3.975412624501457, 51.462366283233607 ], [ 3.961692294861488, 51.455978566937425 ], [ 3.950406395370958, 51.455771438804497 ], [ 3.934219506432985, 51.448450607958605 ], [ 3.925433111869634, 51.451527521960394 ], [ 3.922644867395311, 51.450208488977765 ], [ 3.925357933281036, 51.445466368919412 ], [ 3.92122421700216, 51.444521289685177 ], [ 3.925781828800271, 51.434485691299273 ], [ 3.918973161628888, 51.426825711252022 ], [ 3.916472870066074, 51.418688825551278 ], [ 3.916413842793562, 51.4209169785657 ], [ 3.911309707562198, 51.415412210964938 ], [ 3.900623828991999, 51.394999389555835 ], [ 3.893395433732569, 51.3937401776532 ], [ 3.871412215376995, 51.397371338999108 ], [ 3.864372613711915, 51.395481714480326 ], [ 3.858163214972999, 51.391225866215429 ], [ 3.822282872767427, 51.386966713409308 ], [ 3.817340672376784, 51.385031002854753 ], [ 3.812338246206957, 51.385574618167539 ], [ 3.789517746013543, 51.399814692935529 ], [ 3.775027697968964, 51.405388719714388 ], [ 3.777597139825666, 51.40900957972088 ], [ 3.775875504926939, 51.410247976890034 ], [ 3.765170237019583, 51.410334214916325 ], [ 3.754956338293301, 51.414801693611373 ], [ 3.744312161197615, 51.411450457477123 ], [ 3.734808940889719, 51.411142825768522 ], [ 3.727095374344551, 51.413986293972719 ], [ 3.720661640435644, 51.426091176379252 ], [ 3.71777079069646, 51.427126670779764 ], [ 3.716737404935707, 51.425979030070067 ], [ 3.708543609522757, 51.434701686179103 ], [ 3.685230928504863, 51.447008639391846 ], [ 3.679695264906936, 51.448889810217608 ], [ 3.674923559426448, 51.446842756436538 ], [ 3.686446470904293, 51.457282174143359 ], [ 3.690705991227186, 51.456712815800664 ], [ 3.704648422661965, 51.450304056274831 ], [ 3.706720004234943, 51.44794466255491 ], [ 3.701652256230159, 51.443270998091748 ], [ 3.703550922311398, 51.441736859878098 ], [ 3.71028289279635, 51.446569055617687 ], [ 3.719228119156366, 51.442645683508999 ], [ 3.722222637090102, 51.444920582503762 ], [ 3.712532367642053, 51.450862750861198 ], [ 3.727345906466863, 51.456395379498787 ], [ 3.725544605562631, 51.458284568540243 ], [ 3.714395851337655, 51.454307870562118 ], [ 3.70990463596335, 51.453461645236388 ], [ 3.709645200365618, 51.454800000330799 ], [ 3.705263249985758, 51.453193742719471 ], [ 3.692707492771607, 51.458755586878937 ], [ 3.70900466292178, 51.465605874239891 ], [ 3.713246386001219, 51.463401773121824 ], [ 3.716853401770186, 51.464535407631956 ], [ 3.715603800229957, 51.466411925677122 ], [ 3.721334574843684, 51.473194409563433 ], [ 3.719861883739758, 51.474933219969124 ], [ 3.713698912973942, 51.47073700362872 ], [ 3.704410566948168, 51.478238568204681 ], [ 3.70066500390501, 51.4768677467288 ], [ 3.706767329217295, 51.470451568945812 ], [ 3.703367538506096, 51.467399000499086 ], [ 3.686144476062209, 51.460928413381666 ], [ 3.684045426971762, 51.462564620294714 ], [ 3.678137107422243, 51.460025423477305 ], [ 3.67640456342934, 51.462141614862936 ], [ 3.672879977767625, 51.460980040630268 ], [ 3.675612588083444, 51.457578931395169 ], [ 3.673113584252643, 51.457139701592865 ], [ 3.669563781229252, 51.459448180076656 ], [ 3.664486948068524, 51.457824620006605 ], [ 3.662685902512903, 51.458898032851415 ], [ 3.658475977728596, 51.456886957307745 ], [ 3.656606462411761, 51.452697996085533 ], [ 3.659689680848657, 51.4525915147345 ], [ 3.666754624965414, 51.449517072689432 ], [ 3.656305119409349, 51.452061396979083 ], [ 3.651385741000143, 51.449506698854421 ], [ 3.646853316133038, 51.449722192099877 ], [ 3.641628605429899, 51.447559770612934 ], [ 3.640027687194146, 51.443522589028248 ], [ 3.632279349296422, 51.441549461179676 ], [ 3.626189229845249, 51.442255729660737 ], [ 3.609102996912699, 51.440226535019804 ], [ 3.601919791765041, 51.443144164092985 ], [ 3.600521526592539, 51.451856150120285 ], [ 3.596859826484626, 51.451666501104086 ], [ 3.598735106357823, 51.443273476402439 ], [ 3.597123749823154, 51.443718948359773 ], [ 3.596432239871255, 51.441568485244382 ], [ 3.60092417780787, 51.439722978313782 ], [ 3.589915244674946, 51.441470098457877 ], [ 3.581717377172465, 51.439584624105819 ], [ 3.575837065947985, 51.440342364297962 ], [ 3.575758035910526, 51.438188687342439 ], [ 3.569115729461268, 51.440524381799577 ], [ 3.567897544466741, 51.443226084460768 ], [ 3.559333964220643, 51.448432913406513 ], [ 3.554919628341433, 51.449853678195659 ], [ 3.551737592029905, 51.448897754352828 ], [ 3.550482576085737, 51.450760821872656 ], [ 3.533821618095395, 51.45830809579202 ], [ 3.526627615164112, 51.462923409926887 ], [ 3.495845131253635, 51.493686845403175 ], [ 3.460234054360733, 51.509703480617539 ], [ 3.443779220641128, 51.520962872890259 ], [ 3.439785510120746, 51.521989263082197 ], [ 3.437153955811326, 51.525978288219392 ], [ 3.433782087543991, 51.526468454977874 ], [ 3.434940133649453, 51.535950566723486 ], [ 3.438305871286668, 51.542444084603261 ], [ 3.494671260353855, 51.56626613062442 ], [ 3.531932189977903, 51.579652863856595 ], [ 3.552377520444632, 51.58958783111607 ], [ 3.58239794489446, 51.594660872191788 ], [ 3.598514069454212, 51.59428814797279 ], [ 3.61699350597207, 51.590493876203197 ], [ 3.629508675842192, 51.590210348214448 ], [ 3.629858192176765, 51.588041788285452 ], [ 3.666781231661507, 51.595229515882536 ], [ 3.68075375368604, 51.60009801986407 ], [ 3.683804914213182, 51.614865099093954 ], [ 3.674148028291696, 51.620202627529132 ], [ 3.681760711792035, 51.617280590077293 ], [ 3.682815356700068, 51.620720387685211 ], [ 3.678842315229181, 51.620001768699659 ], [ 3.676907843733233, 51.622492307361462 ], [ 3.667638276106305, 51.621869387112852 ], [ 3.682524319990048, 51.623408488658384 ], [ 3.698049554447731, 51.638875646087797 ], [ 3.69845331748296, 51.642616416997619 ], [ 3.703878515062788, 51.64410042640322 ], [ 3.698395276086568, 51.640471688013697 ], [ 3.703187251750684, 51.637639720897376 ], [ 3.707284070879486, 51.640433935504362 ], [ 3.705469192965527, 51.642565591621867 ], [ 3.708260912189566, 51.643462652449749 ], [ 3.713733149123755, 51.642401407864064 ], [ 3.719247779497924, 51.648757216929333 ], [ 3.719106489790596, 51.650944738588883 ], [ 3.715055862905613, 51.653832754958245 ], [ 3.72258172895605, 51.655975899945851 ], [ 3.722391151742063, 51.663218294943576 ], [ 3.710208519371548, 51.666483771058175 ], [ 3.699332118409758, 51.671535628894645 ], [ 3.689489136231435, 51.678106547497535 ], [ 3.681921075332479, 51.687711968569893 ], [ 3.678962907169984, 51.69842566161627 ], [ 3.679266064669519, 51.707122999904975 ], [ 3.688763471041689, 51.719861608563143 ], [ 3.724300680023125, 51.73935084956782 ], [ 3.725807933470636, 51.737954566160106 ], [ 3.710043322957472, 51.730608357704604 ], [ 3.737009650719115, 51.736078241930876 ], [ 3.728951386792799, 51.736024831495094 ], [ 3.726888559708871, 51.737322895591959 ], [ 3.742173232229775, 51.737260367931157 ], [ 3.771261690889697, 51.743377565220271 ], [ 3.798718330981822, 51.743754715141009 ], [ 3.813365431510482, 51.740538028661362 ], [ 3.819838730749026, 51.741325275278847 ], [ 3.823365392068903, 51.744273845620441 ], [ 3.822876368653415, 51.750080576795057 ], [ 3.827105113997957, 51.752936446589217 ], [ 3.839193830420803, 51.758230608976625 ], [ 3.842477250286677, 51.756305017085339 ] ], [ [ 3.80743486311168, 51.697299901474338 ], [ 3.79334597028468, 51.695664750418587 ], [ 3.786291533646676, 51.68895325788359 ], [ 3.787643421428655, 51.688011544498458 ], [ 3.793042930338991, 51.689691513133639 ], [ 3.804219701366175, 51.691058636597973 ], [ 3.805688041851457, 51.689939230098631 ], [ 3.793088742902014, 51.689327468823379 ], [ 3.781957639212909, 51.685934570134634 ], [ 3.754307464992745, 51.675372427110595 ], [ 3.755142141869601, 51.674233383954117 ], [ 3.758361647493319, 51.675297513003173 ], [ 3.757244213009451, 51.673690034468478 ], [ 3.749686701025214, 51.67240663148614 ], [ 3.746088842640329, 51.673486929687343 ], [ 3.724596771771102, 51.668532361451703 ], [ 3.723167371208577, 51.655972653472837 ], [ 3.729211969479641, 51.654518806984321 ], [ 3.727434877617394, 51.650328500707047 ], [ 3.71985297375991, 51.649134847974757 ], [ 3.714355661498068, 51.642238620396675 ], [ 3.716699544644793, 51.640708429057185 ], [ 3.714953598358545, 51.641237319912733 ], [ 3.713315291633712, 51.63900999557265 ], [ 3.7155110972317, 51.638148515987915 ], [ 3.718295074697533, 51.640653880311262 ], [ 3.719119350503797, 51.639276052815156 ], [ 3.713707167107281, 51.636325941418086 ], [ 3.71391079559749, 51.634829996332513 ], [ 3.71846027664908, 51.63279214638326 ], [ 3.720949637626374, 51.634241160723342 ], [ 3.718718531531537, 51.632114373603756 ], [ 3.712839992285728, 51.634609554789535 ], [ 3.709554432216117, 51.632407461435271 ], [ 3.714815870218312, 51.629946025301514 ], [ 3.716949841442116, 51.631389111941843 ], [ 3.724267184303102, 51.627414880248843 ], [ 3.727026374709359, 51.62975775501441 ], [ 3.722887650391869, 51.631801596216128 ], [ 3.727720992105199, 51.630347517854879 ], [ 3.730742050976149, 51.632912313910886 ], [ 3.72303570750508, 51.637453434825986 ], [ 3.731254156649075, 51.633620514701619 ], [ 3.731665651457164, 51.632262003140468 ], [ 3.722250271418046, 51.6249006735233 ], [ 3.708548821230525, 51.631176742384262 ], [ 3.704184346641984, 51.628734672838078 ], [ 3.707055795537318, 51.624451712955235 ], [ 3.703691231102684, 51.621886541929968 ], [ 3.704565528495309, 51.625340475229962 ], [ 3.697514039734502, 51.628831663081208 ], [ 3.690103740720213, 51.623034425029886 ], [ 3.696450845377032, 51.619369305655347 ], [ 3.700169915824545, 51.620401738228971 ], [ 3.69902700319005, 51.618804705247371 ], [ 3.696729517628035, 51.618602847534369 ], [ 3.687333937804736, 51.621725912620704 ], [ 3.686150561136725, 51.616665215391599 ], [ 3.694014652078801, 51.616512326441253 ], [ 3.684278179481773, 51.614849450430839 ], [ 3.68236776257901, 51.600971818473518 ], [ 3.684639448044102, 51.597777138920058 ], [ 3.688024830314153, 51.598500958810696 ], [ 3.68836341817442, 51.600165978567624 ], [ 3.689598974561824, 51.597969592524215 ], [ 3.699284270989939, 51.59942166121634 ], [ 3.708441774352299, 51.594933878714194 ], [ 3.71930817057324, 51.595656518677046 ], [ 3.713278646026184, 51.594335889441126 ], [ 3.716751264070159, 51.591405492559758 ], [ 3.720568409052617, 51.591771086573111 ], [ 3.720452039236122, 51.592984736639536 ], [ 3.730053109947036, 51.592678936743596 ], [ 3.73682388994779, 51.59499472065167 ], [ 3.741722083261268, 51.594407070778615 ], [ 3.744859122837576, 51.596934327303458 ], [ 3.748589050262333, 51.597434795908732 ], [ 3.759269625226917, 51.597089653141374 ], [ 3.761201587885576, 51.599613088701069 ], [ 3.774459722546344, 51.597189241648266 ], [ 3.780567577074943, 51.601935958008688 ], [ 3.794793097424068, 51.602735438498442 ], [ 3.799257083237174, 51.605355175624595 ], [ 3.812662003049302, 51.605472471710677 ], [ 3.820194471863241, 51.602484481999575 ], [ 3.838931198082931, 51.605857957198076 ], [ 3.841140032672647, 51.603594107632134 ], [ 3.850296499994483, 51.604092407829 ], [ 3.842796014388514, 51.603163213820508 ], [ 3.842255399172545, 51.601966947842762 ], [ 3.850549919830997, 51.602429647781889 ], [ 3.850983865809113, 51.603729087260014 ], [ 3.851427176022017, 51.602109842803678 ], [ 3.861937966238743, 51.600184923826745 ], [ 3.86871997172817, 51.59572655391117 ], [ 3.914193933809071, 51.629243292496852 ], [ 3.895476684587352, 51.633317418608065 ], [ 3.91947783013467, 51.646515087050162 ], [ 3.924819830466045, 51.646651455914892 ], [ 3.933584791743334, 51.648400349539124 ], [ 3.918812874402964, 51.646942299016416 ], [ 3.889651236883932, 51.63160033262605 ], [ 3.890685457402093, 51.64319902990151 ], [ 3.885583975782151, 51.648562286018056 ], [ 3.887244333230456, 51.649876880176983 ], [ 3.884951993172324, 51.656400672387477 ], [ 3.880832422524648, 51.657436974117445 ], [ 3.875673441918652, 51.663164982019318 ], [ 3.876836810559485, 51.667067925692763 ], [ 3.857436071038436, 51.678236558131815 ], [ 3.848927736641376, 51.676217248953286 ], [ 3.818013860724875, 51.684331136009433 ], [ 3.811839257848819, 51.687168754138391 ], [ 3.823464334825377, 51.684203417449147 ], [ 3.825562095077539, 51.687647702615479 ], [ 3.824634098378358, 51.690927238182212 ], [ 3.81754915220296, 51.695965235130238 ], [ 3.80743486311168, 51.697299901474338 ] ], [ [ 4.096672111382804, 51.666585602003593 ], [ 4.094177091937179, 51.665823602594834 ], [ 4.100414347832117, 51.663139938958182 ], [ 4.098158061898147, 51.663382242086236 ], [ 4.10529609658407, 51.658111054870183 ], [ 4.101891941124931, 51.653984162378151 ], [ 4.102624959509867, 51.655553839070279 ], [ 4.100540390831282, 51.656146570896098 ], [ 4.097639463067771, 51.652858864070986 ], [ 4.098901494883575, 51.650993557738055 ], [ 4.101085888224113, 51.653079835560618 ], [ 4.096566352226239, 51.647543221456679 ], [ 4.090556144936526, 51.643968784927267 ], [ 4.083859462912836, 51.642553123295286 ], [ 4.071030266953957, 51.632489677550865 ], [ 4.057171759604865, 51.628053852424863 ], [ 4.049834149075714, 51.631232231535179 ], [ 4.034667578095808, 51.624954007716212 ], [ 4.029243803369462, 51.624603283637384 ], [ 4.01028525364085, 51.617929549488558 ], [ 3.991722482378079, 51.618169422800655 ], [ 3.985917669358724, 51.614860339435452 ], [ 3.968059713559397, 51.614349806225796 ], [ 3.948576282653802, 51.625274262918474 ], [ 3.946629360197594, 51.624944216719726 ], [ 3.940054650136104, 51.634384872311692 ], [ 3.937415244925498, 51.634652857349202 ], [ 3.938176599996744, 51.635827974505688 ], [ 3.935433711509361, 51.636037020339714 ], [ 3.928278888273111, 51.628715990929663 ], [ 3.925525756324435, 51.628280968914737 ], [ 3.926365061792814, 51.630556068945793 ], [ 3.919359617662357, 51.630685033457567 ], [ 3.917836185780683, 51.628618365879859 ], [ 3.914377315528215, 51.629211245754341 ], [ 3.868896045757224, 51.595598609590617 ], [ 3.88815158317205, 51.575026298628899 ], [ 3.890462981308563, 51.574665722128486 ], [ 3.891678650458903, 51.576274514121735 ], [ 3.894293003679069, 51.574576642071221 ], [ 3.888766716688092, 51.573589518022672 ], [ 3.889325655625103, 51.572212131551055 ], [ 3.893700741227081, 51.573215715379575 ], [ 3.893303239925081, 51.568359247914493 ], [ 3.899624181251249, 51.563233553924221 ], [ 3.896935686898231, 51.562648855031007 ], [ 3.896897370336319, 51.55997456243874 ], [ 3.891986938554216, 51.557987164955492 ], [ 3.87266153046711, 51.555245636563292 ], [ 3.87144682936633, 51.552067193176306 ], [ 3.864642364972472, 51.546804292151336 ], [ 3.865495195208574, 51.544844116234799 ], [ 3.868000462956027, 51.544936081018044 ], [ 3.871015514077384, 51.544444216475988 ], [ 3.865212271093152, 51.544150250877735 ], [ 3.868489894462971, 51.543865386488221 ], [ 3.866227315222451, 51.543347047154484 ], [ 3.867810850088158, 51.540043701365633 ], [ 3.870328150447405, 51.541563156528355 ], [ 3.870699235017605, 51.540571999817978 ], [ 3.882473531287238, 51.542724706588693 ], [ 3.898273657987658, 51.541127017189453 ], [ 3.901064046404147, 51.543555331929518 ], [ 3.907017240279848, 51.54369051412371 ], [ 3.912488647232458, 51.545705264827589 ], [ 3.91837560671719, 51.544000950508789 ], [ 3.926927174988356, 51.544200333970444 ], [ 3.931012895587167, 51.538325721475296 ], [ 3.926432272137364, 51.537246102279518 ], [ 3.940456916330101, 51.525481828376094 ], [ 3.957049855043499, 51.530736687756679 ], [ 3.971465551848836, 51.528466556340405 ], [ 3.999554692958142, 51.520893767609778 ], [ 4.003135753989652, 51.521706679968119 ], [ 4.003341333629092, 51.519992113145747 ], [ 4.00257521354536, 51.519084077718865 ], [ 4.002564941390989, 51.515836231277113 ], [ 4.004421715345171, 51.514611928732876 ], [ 4.002702825029544, 51.518289061969035 ], [ 4.004983330256911, 51.518494586363566 ], [ 4.005747085190516, 51.513660599906238 ], [ 4.006586882417739, 51.519003646900245 ], [ 4.004405418481883, 51.521491077172783 ], [ 4.012950020063729, 51.518247223186755 ], [ 4.01361356320264, 51.519730608265839 ], [ 4.017638687429848, 51.518816533780836 ], [ 4.021240769235132, 51.512439906602573 ], [ 4.042672953187906, 51.502643240929693 ], [ 4.051577893698155, 51.503335550946296 ], [ 4.053679055545413, 51.502788295174874 ], [ 4.056799683517958, 51.500272648820498 ], [ 4.057411924560724, 51.498483496136103 ], [ 4.052723010318445, 51.501959483338268 ], [ 4.053971947260124, 51.498553734886151 ], [ 4.055303085462812, 51.498472537368947 ], [ 4.057870253779152, 51.497171067174932 ], [ 4.054168128481544, 51.498256528564802 ], [ 4.054023598305825, 51.496918659711156 ], [ 4.056641449695652, 51.496710063613605 ], [ 4.052072478312608, 51.496068946046194 ], [ 4.054484246998489, 51.495822798762738 ], [ 4.0528116219423, 51.495845493400701 ], [ 4.054212286023433, 51.490810519611081 ], [ 4.058218179035318, 51.488352954791978 ], [ 4.057689864260877, 51.483656892820349 ], [ 4.054859599972253, 51.481539923633974 ], [ 4.058933945881358, 51.47528547019008 ], [ 4.076220056835844, 51.461262930594714 ], [ 4.080259739796286, 51.458600634622542 ], [ 4.08415309029382, 51.458315129526397 ], [ 4.093243472385329, 51.446320337219873 ], [ 4.101309579771065, 51.44504469830693 ], [ 4.123950142325722, 51.435944930903695 ], [ 4.12737853547766, 51.436578162781764 ], [ 4.133119724381539, 51.431401021517893 ], [ 4.153423400030554, 51.43299432811552 ], [ 4.181451646426873, 51.443990225014723 ], [ 4.200388968148925, 51.441694711526964 ], [ 4.204516924890097, 51.438482362760332 ], [ 4.221645953091557, 51.437217643135249 ], [ 4.223053545927597, 51.438670141203907 ], [ 4.219546860362006, 51.456696280213194 ], [ 4.222456854497705, 51.463629272366688 ], [ 4.216476355173725, 51.490254708586662 ], [ 4.176686832809763, 51.501875770023098 ], [ 4.172815953904644, 51.504664322627697 ], [ 4.172221133854546, 51.508415893024512 ], [ 4.162485349665068, 51.512108284704638 ], [ 4.160613500594245, 51.514643333705834 ], [ 4.16296803862598, 51.512360759967265 ], [ 4.173048388516135, 51.510022625500532 ], [ 4.165830104631098, 51.513059283886001 ], [ 4.174023001387872, 51.512060469444627 ], [ 4.176118523864242, 51.515101293360708 ], [ 4.163935701998226, 51.522824646002476 ], [ 4.150204387552555, 51.524063476835117 ], [ 4.146841807955535, 51.522021367318899 ], [ 4.141327418514722, 51.52142541282511 ], [ 4.134746111058476, 51.526133088474531 ], [ 4.126162193168739, 51.523940499157852 ], [ 4.117997376062323, 51.523768558897181 ], [ 4.102454542373409, 51.524433869314471 ], [ 4.100990692569961, 51.5256467853104 ], [ 4.093351956678197, 51.524906106758536 ], [ 4.091931225137098, 51.526663974355046 ], [ 4.079701453143027, 51.527367519843224 ], [ 4.079505593256556, 51.525413445046134 ], [ 4.076982378886552, 51.525059077493786 ], [ 4.071289054089702, 51.529647569079387 ], [ 4.073068558396697, 51.531357086391694 ], [ 4.064355145913623, 51.534337462794461 ], [ 4.059786842654304, 51.541056341055892 ], [ 4.060746585288053, 51.544042182292579 ], [ 4.05229716328146, 51.547231718962848 ], [ 4.049073085875665, 51.552589360722287 ], [ 4.033219419706341, 51.554308302693357 ], [ 4.02753148504683, 51.556423370648325 ], [ 4.030119891975334, 51.562843501974108 ], [ 4.023138509822975, 51.567373597672081 ], [ 4.013003330189438, 51.570374763007443 ], [ 4.005447697320013, 51.575692423800753 ], [ 3.989829578887852, 51.57636843667418 ], [ 3.983872029247847, 51.580876958573043 ], [ 3.984728930891542, 51.587061391460409 ], [ 3.990007482220505, 51.592635295716626 ], [ 3.994734093272991, 51.594111693884642 ], [ 3.993898035015244, 51.593186232629293 ], [ 4.004569900203735, 51.593684153874676 ], [ 4.001909177682599, 51.594590391323372 ], [ 4.0087000433932, 51.596143526027909 ], [ 4.012007095809873, 51.595034511 ], [ 4.020756826647066, 51.597957519871969 ], [ 4.023782706481128, 51.596881780928804 ], [ 4.038685207931556, 51.604373653408715 ], [ 4.045825357858224, 51.603925563292044 ], [ 4.053592013983115, 51.608991260545402 ], [ 4.061976732934124, 51.609771828613525 ], [ 4.06374526794823, 51.611622800124685 ], [ 4.074556439934598, 51.613469974408872 ], [ 4.101488741815285, 51.610210092756731 ], [ 4.104370393603552, 51.606626993569719 ], [ 4.109166838254897, 51.604513704381567 ], [ 4.104413597799522, 51.605965063305746 ], [ 4.108257930843812, 51.602588016621972 ], [ 4.10997102769506, 51.604243319005164 ], [ 4.116589388281177, 51.602210870982695 ], [ 4.127872811678879, 51.601904790254466 ], [ 4.173483548277113, 51.605470320957785 ], [ 4.174067178704601, 51.608359277519227 ], [ 4.168786123416246, 51.608971940784954 ], [ 4.173729522219951, 51.611371197911275 ], [ 4.177481322474457, 51.616438907717615 ], [ 4.174223003331935, 51.617483530077799 ], [ 4.169519185288661, 51.61664463012329 ], [ 4.170816745408416, 51.618701427136742 ], [ 4.168548303751185, 51.615269950026679 ], [ 4.164341382407033, 51.613595242185248 ], [ 4.16164291909694, 51.615189721815774 ], [ 4.154070935919967, 51.612522516603264 ], [ 4.126263336575796, 51.613115011852038 ], [ 4.117601651764796, 51.624635786254593 ], [ 4.114112501143702, 51.624305381856011 ], [ 4.108672996731769, 51.629681635375668 ], [ 4.103700039872726, 51.629655525689415 ], [ 4.099398002464529, 51.632819847107697 ], [ 4.098499931032074, 51.638807157594236 ], [ 4.100301449496226, 51.641148332733763 ], [ 4.097757718874077, 51.642538365103519 ], [ 4.100580090233696, 51.642825494299224 ], [ 4.098529903193861, 51.643376371594641 ], [ 4.099561177287996, 51.643384554644236 ], [ 4.105282985621394, 51.641371416360414 ], [ 4.103937980787648, 51.643629490790218 ], [ 4.107212657681367, 51.646331057087465 ], [ 4.1202551528822, 51.653595532896446 ], [ 4.137163038675793, 51.652457893102969 ], [ 4.148728426956555, 51.650078840020413 ], [ 4.192900571468018, 51.634688797646554 ], [ 4.190610797200701, 51.643521040537294 ], [ 4.177212118567414, 51.649628612303758 ], [ 4.172647216775021, 51.647145517170316 ], [ 4.15647807741225, 51.653817284749813 ], [ 4.159421887092444, 51.657903106733663 ], [ 4.157722677899731, 51.659102795599956 ], [ 4.152125812665566, 51.655191287142053 ], [ 4.137793163794031, 51.657401126158391 ], [ 4.138593567192615, 51.659167735384891 ], [ 4.157257826298468, 51.660562890624291 ], [ 4.155015693358092, 51.663725118264963 ], [ 4.152366021000867, 51.66393890096797 ], [ 4.143044866586225, 51.663645271903178 ], [ 4.137574674053299, 51.661984581883679 ], [ 4.143064369459132, 51.663866982194897 ], [ 4.160061410392857, 51.664626315646728 ], [ 4.155729350430273, 51.665540819845589 ], [ 4.160262091854801, 51.667245270546623 ], [ 4.153795889437228, 51.675750231115579 ], [ 4.149935168999638, 51.678374645891992 ], [ 4.143016517661893, 51.675253501762882 ], [ 4.138864043407726, 51.676755953088204 ], [ 4.108878419835413, 51.67376686576501 ], [ 4.100633861157199, 51.671162864313253 ], [ 4.095336314407784, 51.667468856011631 ], [ 4.096672111382804, 51.666585602003593 ] ], [ [ 3.707461243577226, 51.516802871130459 ], [ 3.720586287732536, 51.522332228302218 ], [ 3.729030187312016, 51.523409721743469 ], [ 3.728594181853582, 51.525394546293256 ], [ 3.727219695764307, 51.524257344226477 ], [ 3.725061828327206, 51.52572087928494 ], [ 3.732357267997509, 51.53842348776277 ], [ 3.746270707673462, 51.544686439468798 ], [ 3.749629224987537, 51.544174747569699 ], [ 3.753645861461651, 51.547558395316919 ], [ 3.767519966797503, 51.546007035932547 ], [ 3.770186478466861, 51.542608464915567 ], [ 3.792467216294456, 51.541085788959208 ], [ 3.801178042760337, 51.542204010606071 ], [ 3.805198314640397, 51.545180597734614 ], [ 3.814320501440279, 51.546989174492047 ], [ 3.814178118751867, 51.548070081045111 ], [ 3.816856902564724, 51.546512559034539 ], [ 3.816518416855204, 51.548861707893622 ], [ 3.820787027248125, 51.546202606834882 ], [ 3.820631852097641, 51.549272761167039 ], [ 3.835728658490042, 51.547399482064463 ], [ 3.845366309734647, 51.543711019830027 ], [ 3.849205983907815, 51.539593986433594 ], [ 3.860246185847052, 51.538516259537687 ], [ 3.865871067952755, 51.539531135698937 ], [ 3.864572470572286, 51.543001793810646 ], [ 3.853738853898012, 51.544417399894229 ], [ 3.836801737898219, 51.55591937626415 ], [ 3.82518219633531, 51.555707457925266 ], [ 3.815200430936038, 51.55359672029239 ], [ 3.81309227003617, 51.551449147806011 ], [ 3.810767939080766, 51.554449848465396 ], [ 3.809175067702459, 51.554053617223609 ], [ 3.810150952691676, 51.550611720514809 ], [ 3.805108669927808, 51.554953013025539 ], [ 3.810114826088915, 51.549805400753975 ], [ 3.803546636261072, 51.547774044570836 ], [ 3.787041232003918, 51.550033508336895 ], [ 3.775092612513848, 51.554408489453998 ], [ 3.760364231036818, 51.555084331736808 ], [ 3.736426267168556, 51.546808742328082 ], [ 3.729974547992732, 51.542147266040374 ], [ 3.714777088394355, 51.535493880611 ], [ 3.705858101821791, 51.526680125667482 ], [ 3.702975015353298, 51.526133010212824 ], [ 3.700404975548143, 51.527735907305818 ], [ 3.69837396598125, 51.534499794128529 ], [ 3.701698260830899, 51.541784709736149 ], [ 3.698915860566234, 51.547308380388969 ], [ 3.688459395171358, 51.556090969133102 ], [ 3.691803312133167, 51.557730076590424 ], [ 3.700659109099328, 51.56636023399642 ], [ 3.692000162960845, 51.558609566653267 ], [ 3.686355537038103, 51.556910242445618 ], [ 3.671878721440615, 51.564659161642211 ], [ 3.653286099281448, 51.570024028108513 ], [ 3.643955662038235, 51.584971682583301 ], [ 3.646469970936283, 51.587278768554434 ], [ 3.64573405742788, 51.589008464337113 ], [ 3.629879858687018, 51.585341969806677 ], [ 3.627877685326883, 51.58406022931397 ], [ 3.628050956903256, 51.574584792493795 ], [ 3.630284827153733, 51.571566514425577 ], [ 3.643678560402595, 51.561450753895151 ], [ 3.653146501975799, 51.558444007544516 ], [ 3.64395667366711, 51.559758800030181 ], [ 3.648388334169665, 51.557764244558129 ], [ 3.653701986914453, 51.557713972607139 ], [ 3.664072391034581, 51.551238502518757 ], [ 3.668762930108614, 51.550382853091406 ], [ 3.66359721863384, 51.548542174777708 ], [ 3.669721997502716, 51.550293313864245 ], [ 3.671611007061849, 51.548135490420584 ], [ 3.666752933753486, 51.542475387489894 ], [ 3.672479763794723, 51.547252290816964 ], [ 3.6827795042014, 51.529613220361533 ], [ 3.697777492835047, 51.515637127247757 ], [ 3.707461243577226, 51.516802871130459 ] ] ] ] } },
{ "type": "Feature", "properties": { "statcode": "PV30", "jrstatcode": "2025PV30", "statnaam": "Noord-Brabant", "rubriek": "provincie", "id": 11 }, "geometry": { "type": "MultiPolygon", "coordinates": [ [ [ [ 4.87057788483424, 51.412740885710967 ], [ 4.87238076216532, 51.411500935219649 ], [ 4.869747312560433, 51.4111591221833 ], [ 4.87057788483424, 51.412740885710967 ] ] ], [ [ [ 4.935502133703747, 51.433490807954925 ], [ 4.934180442485328, 51.43195192538689 ], [ 4.934114279428178, 51.433429247385043 ], [ 4.935502133703747, 51.433490807954925 ] ] ], [ [ [ 4.932684862245001, 51.436469543004243 ], [ 4.931251067959172, 51.434665650420619 ], [ 4.931329228433166, 51.43644187291958 ], [ 4.932684862245001, 51.436469543004243 ] ] ], [ [ [ 4.930689572306077, 51.437155599835762 ], [ 4.93139187744437, 51.436605623897798 ], [ 4.930907165258765, 51.436725168278876 ], [ 4.930689572306077, 51.437155599835762 ] ] ], [ [ [ 4.936478328052302, 51.437546462625662 ], [ 4.935458797884807, 51.436180717701689 ], [ 4.935374029976727, 51.437521697762222 ], [ 4.936478328052302, 51.437546462625662 ] ] ], [ [ [ 4.932386579785671, 51.440030461502779 ], [ 4.931142084168517, 51.438788836073677 ], [ 4.930634754607747, 51.439886092402382 ], [ 4.932386579785671, 51.440030461502779 ] ] ], [ [ [ 4.923736381377722, 51.437814936277434 ], [ 4.921503560288298, 51.439249738799973 ], [ 4.92416814697276, 51.441848846614725 ], [ 4.925117674994554, 51.441741957992832 ], [ 4.923736381377722, 51.437814936277434 ] ] ], [ [ [ 4.600467194379415, 51.702696627454209 ], [ 4.554902110783848, 51.693215528351814 ], [ 4.545346072390321, 51.6933153487726 ], [ 4.543927733883369, 51.691805975980515 ], [ 4.543069422309636, 51.693811613574404 ], [ 4.544329278239823, 51.69512702329159 ], [ 4.572305172771425, 51.700072932342565 ], [ 4.600467194379415, 51.702696627454209 ] ] ], [ [ [ 5.535633875200599, 51.816574373095193 ], [ 5.545284523634034, 51.817434346747184 ], [ 5.552147179923372, 51.82496722141326 ], [ 5.55815836948093, 51.827526703743544 ], [ 5.588848392526304, 51.82969957167564 ], [ 5.597976615211846, 51.828049441289046 ], [ 5.617812883383226, 51.820055577916257 ], [ 5.635214683589019, 51.81954367863635 ], [ 5.641304553355464, 51.817891908929155 ], [ 5.646574635367746, 51.81303035809907 ], [ 5.653913756206687, 51.801151832901347 ], [ 5.663350802349167, 51.794534424719316 ], [ 5.685789719929982, 51.79119314644651 ], [ 5.693716155966911, 51.787740958197446 ], [ 5.705976541168296, 51.776255096876362 ], [ 5.721904736575376, 51.774826467045614 ], [ 5.73202487397093, 51.771893849485842 ], [ 5.745238552925835, 51.75914449326249 ], [ 5.757958543871319, 51.75418822171423 ], [ 5.779665513837515, 51.752211958434515 ], [ 5.809467519159538, 51.756533932437826 ], [ 5.852149570736835, 51.759317376532508 ], [ 5.864468842426048, 51.757681722021992 ], [ 5.870798713938989, 51.755335539104202 ], [ 5.879560425950662, 51.749913597296512 ], [ 5.8854040378912, 51.728314188021642 ], [ 5.887958944571685, 51.725192175110756 ], [ 5.899566718249765, 51.720189938415885 ], [ 5.933784829173396, 51.716140399079947 ], [ 5.946753514272231, 51.713432218027286 ], [ 5.955416550027128, 51.70913152958714 ], [ 5.956376290950637, 51.699633035084254 ], [ 5.964586608872366, 51.675573345744901 ], [ 5.964855670998495, 51.652732366442116 ], [ 5.972127860838862, 51.645771791204787 ], [ 5.996016348758065, 51.636870311077018 ], [ 6.019979812639183, 51.621921142471322 ], [ 6.023852978554369, 51.616125363893502 ], [ 6.023783914992134, 51.603035441179628 ], [ 6.026281406785658, 51.595576853576219 ], [ 6.039717812377292, 51.581615960670824 ], [ 6.037870314639346, 51.569410972334893 ], [ 6.0414527814771, 51.56364744889725 ], [ 6.048120698761914, 51.558462546515464 ], [ 6.042866078491789, 51.558694626000189 ], [ 6.044327671417269, 51.557447526165689 ], [ 6.04091285715873, 51.556630449448349 ], [ 6.037307850416581, 51.558149275097463 ], [ 6.034320572153598, 51.55749726835549 ], [ 6.031668836577393, 51.552338826748148 ], [ 6.018211958185507, 51.563334680125166 ], [ 6.004252789993714, 51.570243518131818 ], [ 5.97338678481245, 51.561063333839975 ], [ 5.935444932667411, 51.553600194141005 ], [ 5.906662586880648, 51.552030867290327 ], [ 5.891466123277402, 51.560204679894213 ], [ 5.838238464254861, 51.566414616134992 ], [ 5.852573702735848, 51.504144424682451 ], [ 5.860696879236038, 51.492006525875787 ], [ 5.871695195927734, 51.450111965296003 ], [ 5.931287515808569, 51.384752676548693 ], [ 5.873531287067797, 51.353127648850673 ], [ 5.672110782048024, 51.315094012914571 ], [ 5.625972195056806, 51.273601601407861 ], [ 5.623467374666471, 51.248997916418851 ], [ 5.618781562639911, 51.229425278633371 ], [ 5.594414375191799, 51.22418039344106 ], [ 5.594320582981395, 51.226073689881474 ], [ 5.566045273703403, 51.220909406903353 ], [ 5.56045060221523, 51.222327326827113 ], [ 5.554866377183425, 51.244497294579169 ], [ 5.557930545473921, 51.262463838070317 ], [ 5.556214752810571, 51.266643975629897 ], [ 5.544588847408937, 51.271187940603753 ], [ 5.528685310090585, 51.28175655475215 ], [ 5.519006320844762, 51.28947525238182 ], [ 5.515773885506557, 51.295202506545017 ], [ 5.483016497546418, 51.300164678023378 ], [ 5.474232021957571, 51.290214528458122 ], [ 5.464836219342427, 51.284565331676752 ], [ 5.441781537442904, 51.282105870071284 ], [ 5.438371270891573, 51.276026192857707 ], [ 5.433297705097176, 51.276333155855092 ], [ 5.417411519054941, 51.262285729851733 ], [ 5.346140319603697, 51.275764387767182 ], [ 5.342610552724319, 51.265754926189658 ], [ 5.336475588483227, 51.26306721103628 ], [ 5.315137028383831, 51.263455259090655 ], [ 5.296153755205994, 51.261481623551674 ], [ 5.263119764654163, 51.266801780479888 ], [ 5.237914201546757, 51.261353148627208 ], [ 5.225971942754497, 51.268259749631135 ], [ 5.242192615593964, 51.30521857745368 ], [ 5.200255056280694, 51.322661215569092 ], [ 5.19656472966711, 51.320359240560713 ], [ 5.17306275542151, 51.315771642231326 ], [ 5.162639768158138, 51.310316605357023 ], [ 5.13435325286528, 51.315500456073742 ], [ 5.131710903116714, 51.346774510308414 ], [ 5.119401773262539, 51.355639665542846 ], [ 5.116570383384476, 51.361118002014791 ], [ 5.071181694993063, 51.393487467839002 ], [ 5.104572617886221, 51.431348890697159 ], [ 5.078564272835811, 51.471444515656351 ], [ 5.045931785165589, 51.471114751231269 ], [ 5.037888458708058, 51.479349844791642 ], [ 5.0400937355709, 51.48509958386699 ], [ 5.038788033103551, 51.4870006034851 ], [ 5.033155628011272, 51.487194271601524 ], [ 5.022278717816092, 51.481778577637392 ], [ 5.016522482126589, 51.475439158298101 ], [ 5.010836009815398, 51.472307431697651 ], [ 5.007685326389072, 51.46277977199081 ], [ 5.01055861770749, 51.459432948467892 ], [ 5.010517503484557, 51.453928824957089 ], [ 5.005356896482707, 51.4490347961938 ], [ 5.004426031668398, 51.444581395513623 ], [ 4.963218655384406, 51.422293022122879 ], [ 4.928978644871744, 51.396050872960174 ], [ 4.927897562515114, 51.399734679683625 ], [ 4.924428019027669, 51.398783547098638 ], [ 4.927853749896107, 51.395438749371991 ], [ 4.920959385065265, 51.393686982480808 ], [ 4.913848901235514, 51.395076802040649 ], [ 4.917805571581105, 51.396842389240817 ], [ 4.924586779261412, 51.396883849864814 ], [ 4.924275525075227, 51.397820364806599 ], [ 4.916261281916166, 51.398716741186703 ], [ 4.917815916332337, 51.400511220335304 ], [ 4.91016159403837, 51.402260248336546 ], [ 4.909604244608847, 51.406997066158688 ], [ 4.903701727867641, 51.409955169760153 ], [ 4.903847823646291, 51.412414210620462 ], [ 4.902726807976991, 51.410275998832503 ], [ 4.900086969312635, 51.410607993224438 ], [ 4.900252080444278, 51.412525881293185 ], [ 4.903187184110444, 51.413552378165527 ], [ 4.900709820299388, 51.413280909434931 ], [ 4.899993650255104, 51.414670750184456 ], [ 4.897132765148688, 51.411693198448269 ], [ 4.888773598169684, 51.415432286652653 ], [ 4.885881270868185, 51.415334655099784 ], [ 4.886070432403226, 51.416598614975037 ], [ 4.883005868315979, 51.416481614830289 ], [ 4.879796020370581, 51.41436716822777 ], [ 4.877748855825436, 51.415470222650541 ], [ 4.868721382485379, 51.412887787082731 ], [ 4.8662550406395, 51.411444416341887 ], [ 4.867366400790385, 51.409113586025995 ], [ 4.860513671076625, 51.410448349583667 ], [ 4.859814956007413, 51.413010728081098 ], [ 4.849828737229311, 51.41429293960698 ], [ 4.848631825416821, 51.412748580763775 ], [ 4.83952142263453, 51.414559925279512 ], [ 4.793067495546772, 51.409489183538312 ], [ 4.7922136073243, 51.410542311729074 ], [ 4.789334298835197, 51.408987016611121 ], [ 4.777752882688441, 51.413824465816205 ], [ 4.773366560915257, 51.413440650210418 ], [ 4.771193652952307, 51.414909057246987 ], [ 4.768577185074009, 51.419646290121818 ], [ 4.770161649207773, 51.424941418073558 ], [ 4.76661564669378, 51.430503707108919 ], [ 4.786572226403884, 51.432518700941905 ], [ 4.789068019694818, 51.430006210607452 ], [ 4.794264025809283, 51.428497368141635 ], [ 4.8056719454514, 51.428622348037472 ], [ 4.808359198557692, 51.426438326210558 ], [ 4.820099373673933, 51.424186976031208 ], [ 4.821060261169702, 51.422791033815031 ], [ 4.825691670364202, 51.423114077196708 ], [ 4.826454023449906, 51.421146826632921 ], [ 4.836742362582557, 51.418831715597797 ], [ 4.836420786421336, 51.417275091788881 ], [ 4.841469314430406, 51.422442209438813 ], [ 4.833226065340194, 51.420591849036825 ], [ 4.828211574941156, 51.422303993882231 ], [ 4.823362935682217, 51.448618876027048 ], [ 4.828583835668971, 51.450877164084751 ], [ 4.8354099472208, 51.458543736601527 ], [ 4.838471363227233, 51.456049805350354 ], [ 4.844020686798816, 51.459065557243314 ], [ 4.836108903865211, 51.461245488904531 ], [ 4.841878210540118, 51.480735767456082 ], [ 4.821142966931546, 51.483070230487606 ], [ 4.815205359119375, 51.494819064056038 ], [ 4.79725760219641, 51.499625906336426 ], [ 4.790866487204203, 51.498158667474648 ], [ 4.783060982004517, 51.499564220557616 ], [ 4.780735333334983, 51.504084680014046 ], [ 4.773757550480942, 51.505114463469788 ], [ 4.760023281296753, 51.502372765957084 ], [ 4.758359780121517, 51.500157350612518 ], [ 4.752699510551759, 51.499807524566464 ], [ 4.748944490671883, 51.496684507898067 ], [ 4.749699067338224, 51.494363925196154 ], [ 4.746561411923654, 51.489504622792005 ], [ 4.729151853537485, 51.483907190488267 ], [ 4.720603275947919, 51.473454914669212 ], [ 4.715989647132259, 51.471065940357974 ], [ 4.716898104484849, 51.4688646228092 ], [ 4.703248778811078, 51.466968319014704 ], [ 4.704056128875446, 51.465465332893984 ], [ 4.69309689637935, 51.451729931771233 ], [ 4.686440558881316, 51.451270818314661 ], [ 4.66661633487558, 51.444237481264004 ], [ 4.669689623117762, 51.426362603169899 ], [ 4.656418612000794, 51.424993449616018 ], [ 4.651716570369111, 51.426885360515143 ], [ 4.646649984446888, 51.423395175044917 ], [ 4.641290378115592, 51.422014446475849 ], [ 4.630094465254991, 51.425916928571255 ], [ 4.574728190352771, 51.432848518553946 ], [ 4.535408781751248, 51.423029635424747 ], [ 4.529896463812438, 51.449520509811819 ], [ 4.548160792838867, 51.473312594456253 ], [ 4.53818454781953, 51.482397723760442 ], [ 4.486681568183694, 51.477352821564999 ], [ 4.476492284419084, 51.478267096063753 ], [ 4.464721384642352, 51.471013415322304 ], [ 4.442559945977718, 51.468689459447006 ], [ 4.384838615844289, 51.449315938562719 ], [ 4.382709313174407, 51.450232385150379 ], [ 4.379328222404806, 51.446788928739387 ], [ 4.386640059388187, 51.445243265714964 ], [ 4.392034205463271, 51.446376296272511 ], [ 4.397047456702833, 51.440911118264587 ], [ 4.395415196059473, 51.435512666656479 ], [ 4.39881823999595, 51.435243652497533 ], [ 4.397205525771035, 51.431597835492077 ], [ 4.392513167768564, 51.432513466089702 ], [ 4.392305686457242, 51.431462023937506 ], [ 4.39460518744086, 51.431522918074634 ], [ 4.395201437171703, 51.426902523585667 ], [ 4.391330461041167, 51.427352730487058 ], [ 4.39052690009772, 51.42426678431697 ], [ 4.38365999700702, 51.421076466937656 ], [ 4.391610990729586, 51.408171811431998 ], [ 4.431691671750893, 51.375049016338707 ], [ 4.425080932690321, 51.37128953691353 ], [ 4.431351611807323, 51.363853082520301 ], [ 4.421853721545217, 51.365230531384434 ], [ 4.397393476100158, 51.356503515237819 ], [ 4.384543340293543, 51.3543518928455 ], [ 4.350889619418017, 51.358682823637373 ], [ 4.341353766905752, 51.357563249205775 ], [ 4.334505127328913, 51.377641245652292 ], [ 4.277424577929724, 51.376035240109175 ], [ 4.273697687711427, 51.383149886457524 ], [ 4.268382049827371, 51.383545888174389 ], [ 4.26634902206735, 51.386540632019482 ], [ 4.268633596190043, 51.388126449506274 ], [ 4.269061035404936, 51.40034738964129 ], [ 4.263732257132608, 51.416449107420547 ], [ 4.266446871084605, 51.419979481724695 ], [ 4.275851638195848, 51.425049409009496 ], [ 4.218927212580822, 51.504858455046993 ], [ 4.219930778636129, 51.513802928943264 ], [ 4.235657042546331, 51.54324152183046 ], [ 4.235585635843284, 51.552723934688082 ], [ 4.228121118474746, 51.56371630668508 ], [ 4.195717966407269, 51.588975183355416 ], [ 4.190817042839337, 51.597384537801048 ], [ 4.19168488753337, 51.609336969426927 ], [ 4.19765949398557, 51.618047955092401 ], [ 4.205020844668492, 51.623561417048393 ], [ 4.214466608664734, 51.627664026921209 ], [ 4.237323671913122, 51.634014426763819 ], [ 4.240971868283722, 51.632051674534203 ], [ 4.252923063934929, 51.632326454096912 ], [ 4.253254851573455, 51.630772293997893 ], [ 4.258694349533815, 51.631470268435244 ], [ 4.264406451080083, 51.635921534981897 ], [ 4.271575359157112, 51.637942769219073 ], [ 4.276204111972689, 51.637278178345241 ], [ 4.282432314215667, 51.639808467618764 ], [ 4.292903211642794, 51.641391721778895 ], [ 4.292177681217987, 51.638911840002613 ], [ 4.295317276272212, 51.638963192618888 ], [ 4.295662729428201, 51.64235018611874 ], [ 4.29879511427383, 51.641878289744604 ], [ 4.309282790504118, 51.645265680166609 ], [ 4.317445766565776, 51.646277585857518 ], [ 4.337118187877619, 51.645198838649534 ], [ 4.350268932143702, 51.648118480502163 ], [ 4.368773499912333, 51.657136087461218 ], [ 4.376397062668112, 51.651933261863462 ], [ 4.374877608430809, 51.653677851639067 ], [ 4.378010616892775, 51.653050210589846 ], [ 4.372876153767225, 51.656947295857691 ], [ 4.38779241470059, 51.668834281677981 ], [ 4.393535643261405, 51.677820039781771 ], [ 4.392178023737496, 51.680078121978582 ], [ 4.40720895119781, 51.687904819015905 ], [ 4.404933757250717, 51.68957443003368 ], [ 4.389654304030371, 51.681648326019022 ], [ 4.39154135102359, 51.684242903636566 ], [ 4.401604055176558, 51.688909720637007 ], [ 4.401664128766333, 51.692741842838657 ], [ 4.395021415181014, 51.690483500091069 ], [ 4.39198856590366, 51.690925854159815 ], [ 4.395517935115572, 51.690900191264411 ], [ 4.40057504411947, 51.693662135447575 ], [ 4.397200760551415, 51.694299222255232 ], [ 4.393179057236645, 51.692222399209797 ], [ 4.40363760711812, 51.698713001103698 ], [ 4.405399985250286, 51.698643715319847 ], [ 4.400965904994133, 51.696312905805193 ], [ 4.402879408616386, 51.694598011540023 ], [ 4.407757226896845, 51.698667104560371 ], [ 4.402358383207448, 51.693101932450332 ], [ 4.403743229853779, 51.692110682898594 ], [ 4.422838257989552, 51.700207221334054 ], [ 4.429536179554487, 51.700773583422468 ], [ 4.423525742064031, 51.699786743460088 ], [ 4.410397959077302, 51.69248176136432 ], [ 4.412614317146522, 51.690896790474333 ], [ 4.426435936516678, 51.697221272664649 ], [ 4.436660920166996, 51.697639772647356 ], [ 4.435012121031043, 51.697054563473451 ], [ 4.436775326003114, 51.696090428118019 ], [ 4.44357980931152, 51.696178269539459 ], [ 4.441192309533303, 51.695432695393364 ], [ 4.442117048180935, 51.693114483321928 ], [ 4.443292642633508, 51.695665282848175 ], [ 4.451365556074368, 51.691789208948293 ], [ 4.490224109185637, 51.682979891706289 ], [ 4.4934184961471, 51.684144624821485 ], [ 4.519583519523483, 51.683710083642623 ], [ 4.526213495821986, 51.685814221834882 ], [ 4.525980707544955, 51.680295888737049 ], [ 4.527138592333609, 51.685065042799827 ], [ 4.5299121581511, 51.684684799354464 ], [ 4.53017372164086, 51.686069907553069 ], [ 4.526876677629224, 51.685368332848284 ], [ 4.526543342281408, 51.686528387146353 ], [ 4.53761786909751, 51.685245991489616 ], [ 4.537557005402298, 51.687123917859743 ], [ 4.601654971903522, 51.696946812322437 ], [ 4.619370083421007, 51.705581495261079 ], [ 4.622909264014357, 51.70390480340123 ], [ 4.619241603877354, 51.706233681379906 ], [ 4.638654379627414, 51.712398137331476 ], [ 4.636430503290081, 51.717350504559491 ], [ 4.640387694510386, 51.712824009547198 ], [ 4.647334012407898, 51.712880975032185 ], [ 4.643852296104245, 51.718826986619149 ], [ 4.675222591695756, 51.724209390396112 ], [ 4.681597589101821, 51.728418728028295 ], [ 4.703745677747655, 51.736927471865357 ], [ 4.724591579097507, 51.747905516162426 ], [ 4.740769999835573, 51.75881820711276 ], [ 4.755239671168641, 51.781611405533646 ], [ 4.773539017784451, 51.793324335789563 ], [ 4.797194138180013, 51.799769964644248 ], [ 4.806875681322383, 51.800336286486093 ], [ 4.836108440957887, 51.797839096697679 ], [ 4.854413462728822, 51.800683128378935 ], [ 4.889400948115376, 51.818895015343351 ], [ 4.918599011468456, 51.827482190083757 ], [ 4.936064116271526, 51.828314499560413 ], [ 4.98775692375039, 51.82105936355812 ], [ 5.000363907649196, 51.820933382773731 ], [ 5.009344103960625, 51.817512037203606 ], [ 5.010307524648761, 51.813010445251315 ], [ 5.015970383753096, 51.808221860838842 ], [ 5.026178724197704, 51.80396497031137 ], [ 5.048146340110459, 51.798113901082559 ], [ 5.066966171072742, 51.780553179938899 ], [ 5.078539165220533, 51.779563744456425 ], [ 5.087201835146672, 51.785095481325705 ], [ 5.095890395173819, 51.787647585388903 ], [ 5.104858127900156, 51.785725087590521 ], [ 5.118645301248375, 51.777812653890813 ], [ 5.137580795151413, 51.772905259969548 ], [ 5.139649074170331, 51.770219389493931 ], [ 5.135890658785915, 51.760319744706933 ], [ 5.142713817062305, 51.755210226423642 ], [ 5.138112603266311, 51.750726292466382 ], [ 5.126335921961405, 51.745021483112822 ], [ 5.126608001626234, 51.737928969100714 ], [ 5.168836828788013, 51.743073866135482 ], [ 5.195524362743061, 51.740273186983856 ], [ 5.222139375014899, 51.743387557234229 ], [ 5.231103772468127, 51.741303936727171 ], [ 5.244678520280184, 51.734421235516358 ], [ 5.249679661526798, 51.733580706682332 ], [ 5.268538278183074, 51.739647414415856 ], [ 5.283284992705538, 51.739776826965858 ], [ 5.291652399618709, 51.737262712474589 ], [ 5.30033868043625, 51.737287437405143 ], [ 5.322041220280864, 51.746523629932312 ], [ 5.353514362603139, 51.755477250257485 ], [ 5.359927399756343, 51.760587437486116 ], [ 5.362538883477008, 51.779463687787612 ], [ 5.369038904155726, 51.789816198583843 ], [ 5.401706346127796, 51.820892798475739 ], [ 5.406058210096417, 51.822420195474272 ], [ 5.414885448888101, 51.821290186438794 ], [ 5.422292288115641, 51.814558473051669 ], [ 5.429255146567062, 51.811367437585709 ], [ 5.449554205568749, 51.809677551038376 ], [ 5.46448038020988, 51.811186592895453 ], [ 5.47421458851921, 51.814641380116747 ], [ 5.481839802248524, 51.827066381013346 ], [ 5.490190299706195, 51.830508636262174 ], [ 5.496006274812846, 51.830604485028992 ], [ 5.503255128253, 51.8287639049381 ], [ 5.517734242069691, 51.819283919719155 ], [ 5.535633875200599, 51.816574373095193 ] ], [ [ 4.950622353184652, 51.451649075071956 ], [ 4.941049788102367, 51.450788426761761 ], [ 4.933113392104371, 51.449536204690318 ], [ 4.940148169998707, 51.445164644708875 ], [ 4.939722403096721, 51.446565716331328 ], [ 4.943532970415786, 51.448663684757754 ], [ 4.945994357761354, 51.449093060978967 ], [ 4.944761407231714, 51.447784121038133 ], [ 4.947952814620363, 51.447333432602932 ], [ 4.948349653985964, 51.449041266186626 ], [ 4.952400581358197, 51.45015072118759 ], [ 4.951469263926758, 51.453712647707242 ], [ 4.949432258574655, 51.45352525035517 ], [ 4.950622353184652, 51.451649075071956 ] ], [ [ 4.947798279022058, 51.445701406251295 ], [ 4.945801103252614, 51.443974744865336 ], [ 4.943956319672405, 51.443651707407483 ], [ 4.949876603804785, 51.443654266429398 ], [ 4.947798279022058, 51.445701406251295 ] ], [ [ 4.939971361228514, 51.436118548463007 ], [ 4.9398811815543, 51.439446213836071 ], [ 4.93905317990099, 51.437965435830485 ], [ 4.934660262716898, 51.43854877840905 ], [ 4.934269604107926, 51.442112758386884 ], [ 4.938109269883858, 51.441904456502357 ], [ 4.938467792292561, 51.443435047499634 ], [ 4.940281945402628, 51.441801555276633 ], [ 4.938117566875623, 51.444717299759589 ], [ 4.935477032459809, 51.444282029442924 ], [ 4.935545754768273, 51.446346571463316 ], [ 4.933730304412588, 51.443159836185707 ], [ 4.928701892180004, 51.441597442302502 ], [ 4.928300175952781, 51.438553424683249 ], [ 4.925950142297268, 51.442817160010989 ], [ 4.928054990166618, 51.443618816593748 ], [ 4.923732819125648, 51.443894048017953 ], [ 4.923034805736002, 51.447377938952677 ], [ 4.920545547132508, 51.445959261057801 ], [ 4.919429701940697, 51.44693244294163 ], [ 4.918302806114935, 51.445784847583745 ], [ 4.921537263243621, 51.444862300969916 ], [ 4.922369392387845, 51.442663002690999 ], [ 4.919189624383732, 51.440670240928426 ], [ 4.921200655903932, 51.44040395031967 ], [ 4.920722939230575, 51.437304062339862 ], [ 4.918056044453865, 51.435281035390815 ], [ 4.915012031392923, 51.435355319713935 ], [ 4.925927571193613, 51.433859361281186 ], [ 4.928812938378983, 51.430512440180301 ], [ 4.933598527627154, 51.431021211511549 ], [ 4.935979816063463, 51.429470797577771 ], [ 4.939697383510091, 51.430742557482205 ], [ 4.93993678134873, 51.434116880890649 ], [ 4.936248701037517, 51.434226192631854 ], [ 4.939971361228514, 51.436118548463007 ] ], [ [ 4.918524556828291, 51.443439089443096 ], [ 4.918147168295723, 51.443958833913186 ], [ 4.918222124755676, 51.443433020561976 ], [ 4.918524556828291, 51.443439089443096 ] ], [ [ 4.933206518532062, 51.448264126283767 ], [ 4.931906848243197, 51.446660254073642 ], [ 4.934073773670972, 51.447400554530141 ], [ 4.933206518532062, 51.448264126283767 ] ], [ [ 4.928398253838984, 51.447827821686055 ], [ 4.928410020402837, 51.448722351815043 ], [ 4.92735043525219, 51.448568239861274 ], [ 4.928398253838984, 51.447827821686055 ] ], [ [ 4.930703629807345, 51.450401435676852 ], [ 4.930402932045561, 51.448723687699378 ], [ 4.931813160876779, 51.449269964187486 ], [ 4.930703629807345, 51.450401435676852 ] ], [ [ 4.92571921736345, 51.444906777223324 ], [ 4.925504479943966, 51.446651372513074 ], [ 4.924171885538755, 51.446351260778961 ], [ 4.92571921736345, 51.444906777223324 ] ], [ [ 4.942115624847355, 51.445549156822196 ], [ 4.941185421367827, 51.444882772433296 ], [ 4.942315427246841, 51.445136524234805 ], [ 4.942115624847355, 51.445549156822196 ] ], [ [ 4.939760880827976, 51.439760180627879 ], [ 4.941373761529951, 51.437951785857273 ], [ 4.942226823168166, 51.438108390535902 ], [ 4.943117189866982, 51.440164372646073 ], [ 4.939760880827976, 51.439760180627879 ] ], [ [ 4.932415946173356, 51.406061429686481 ], [ 4.928495113934675, 51.40511447530664 ], [ 4.936394794866714, 51.405342309678232 ], [ 4.935794988694844, 51.409300190936939 ], [ 4.929429095374086, 51.408084184270351 ], [ 4.932415946173356, 51.406061429686481 ] ], [ [ 4.940998710174233, 51.43464211666145 ], [ 4.942755665500739, 51.435113182703844 ], [ 4.942189609257094, 51.436454670292349 ], [ 4.939971361228514, 51.436118548463007 ], [ 4.940998710174233, 51.43464211666145 ] ] ] ] } },
{ "type": "Feature", "properties": { "statcode": "PV31", "jrstatcode": "2025PV31", "statnaam": "Limburg", "rubriek": "provincie", "id": 12 }, "geometry": { "type": "Polygon", "coordinates": [ [ [ 5.932766879663456, 51.741938447324898 ], [ 5.943962071845108, 51.741816813114333 ], [ 5.951952505425363, 51.744370648874352 ], [ 5.95328789580416, 51.748024158715467 ], [ 5.952294275239769, 51.742684064219176 ], [ 5.955155145508776, 51.738117595115341 ], [ 5.973361929984726, 51.7393055921846 ], [ 5.994196696856955, 51.738309418365553 ], [ 6.028965405865118, 51.725753370310606 ], [ 6.035034728996345, 51.721226757305431 ], [ 6.035424293445152, 51.717774275524611 ], [ 6.038386379943225, 51.71811377068898 ], [ 6.037880833350883, 51.719929783975346 ], [ 6.044939146411997, 51.716913358928856 ], [ 6.042009162485268, 51.713344597601989 ], [ 6.032204951243691, 51.713181485380339 ], [ 6.028395963523441, 51.711786750433404 ], [ 6.02605382410855, 51.70868807968467 ], [ 6.031780539039357, 51.692533339439223 ], [ 6.02825205359418, 51.689609668882689 ], [ 6.032293582138561, 51.683919265591136 ], [ 6.030365795582142, 51.682948742854272 ], [ 6.02982304876744, 51.678099446648474 ], [ 6.034672448997507, 51.675145868612887 ], [ 6.031540404061245, 51.674582748610412 ], [ 6.072384235657354, 51.663839173608864 ], [ 6.075672115966711, 51.66480399754964 ], [ 6.07966262709829, 51.663461896228824 ], [ 6.079544991115934, 51.661593254658349 ], [ 6.085344840064591, 51.662914075632585 ], [ 6.088308977223121, 51.659856727063961 ], [ 6.099654449927058, 51.658115860691431 ], [ 6.101965501668972, 51.66060827285461 ], [ 6.11808748370569, 51.655972925347371 ], [ 6.115771025774327, 51.653227358136625 ], [ 6.116973623703582, 51.650595168765818 ], [ 6.109412075147766, 51.646866522924611 ], [ 6.111682561440217, 51.644729941924574 ], [ 6.10804039117841, 51.641932325763499 ], [ 6.09953293579406, 51.623533640232665 ], [ 6.097229090185053, 51.620883540244364 ], [ 6.093934017096337, 51.622154044629241 ], [ 6.094355340830933, 51.615195784091284 ], [ 6.091423792188667, 51.605848556850049 ], [ 6.121487189539437, 51.592738911402613 ], [ 6.130559913076642, 51.581087612280264 ], [ 6.146985707692291, 51.570590739387669 ], [ 6.157032466248391, 51.56657550011105 ], [ 6.176901936996361, 51.53855572415759 ], [ 6.199928916973485, 51.527381443653489 ], [ 6.212023629559243, 51.513390943222582 ], [ 6.214194826300123, 51.50291258306337 ], [ 6.212763623417338, 51.491308153901436 ], [ 6.219031988913274, 51.484983269551329 ], [ 6.223448054512438, 51.472815912101005 ], [ 6.220593393726127, 51.446646256551389 ], [ 6.214242444292783, 51.446736845686402 ], [ 6.214761418365543, 51.433880746517289 ], [ 6.205256959964406, 51.399520108647039 ], [ 6.21136252794915, 51.400925600252783 ], [ 6.22666802621865, 51.400268041235691 ], [ 6.21444906607482, 51.389624214823712 ], [ 6.226389913927751, 51.360336159736548 ], [ 6.189881664517613, 51.339461424284444 ], [ 6.194127702602305, 51.334713096357895 ], [ 6.16891802872112, 51.333006595449753 ], [ 6.169286724333698, 51.329685838504389 ], [ 6.159589945969436, 51.319691289532791 ], [ 6.159157166045591, 51.315423798102557 ], [ 6.154239675489016, 51.311114587732526 ], [ 6.153823795561237, 51.307448164887646 ], [ 6.145144673853941, 51.298116006303019 ], [ 6.129010926149828, 51.285702420055664 ], [ 6.124504628482919, 51.274755247585233 ], [ 6.085617164786197, 51.247625705473446 ], [ 6.07266365610161, 51.24256009186594 ], [ 6.086024848880473, 51.222670212394306 ], [ 6.073259258399038, 51.222436256723512 ], [ 6.067987517163065, 51.220550805530671 ], [ 6.073141435233299, 51.182824751606844 ], [ 6.082190173345713, 51.171633522415441 ], [ 6.099685655259153, 51.169832744922815 ], [ 6.112700545552466, 51.174863618798113 ], [ 6.122405863210827, 51.181302816773318 ], [ 6.16517040844289, 51.194414120794754 ], [ 6.180724253072873, 51.186358500535825 ], [ 6.138801676023602, 51.173339229999208 ], [ 6.175421796944162, 51.158463994656429 ], [ 6.162848436249207, 51.152671197152195 ], [ 6.163339438475369, 51.148697471419858 ], [ 6.147686057382614, 51.148607624199954 ], [ 6.141794821034354, 51.146489596517597 ], [ 6.125972440985011, 51.144907406031855 ], [ 6.119214165202388, 51.140302059654793 ], [ 6.096303226896344, 51.134759006168565 ], [ 6.091752487790797, 51.134912182415079 ], [ 6.087275893299165, 51.129348485502639 ], [ 6.088839746293582, 51.128020455008858 ], [ 6.084424017677077, 51.126018687224636 ], [ 6.086992030874045, 51.124594916595498 ], [ 6.08363908291088, 51.123919966669867 ], [ 6.081077990893899, 51.125870920028653 ], [ 6.080550929473837, 51.122141711071606 ], [ 6.075614243549089, 51.120840840132523 ], [ 6.07571346413413, 51.119118154284585 ], [ 6.060293323604444, 51.115926440942658 ], [ 6.055237916941789, 51.110742254978632 ], [ 6.056832033417314, 51.109549560698149 ], [ 6.036463084435842, 51.096531422901073 ], [ 6.020675522653794, 51.092838297757169 ], [ 6.017574832107432, 51.094572610477243 ], [ 6.015713467153316, 51.092357513335514 ], [ 6.009523596629371, 51.090844195462246 ], [ 5.997793461859025, 51.084245707591386 ], [ 5.988401482364952, 51.074608288781882 ], [ 5.98019055844208, 51.072195295666411 ], [ 5.981729620021406, 51.069477899540715 ], [ 5.969995470694811, 51.060516200877785 ], [ 5.967837740434907, 51.044759172333244 ], [ 5.958177140183665, 51.041125896298077 ], [ 5.959467302573729, 51.038238655881607 ], [ 5.957622102527438, 51.034714002240555 ], [ 5.954006354583899, 51.036529264932 ], [ 5.945485352079703, 51.036839567750953 ], [ 5.938129403998718, 51.03511723794773 ], [ 5.934607251315843, 51.041229522183855 ], [ 5.926305310829071, 51.048255257503875 ], [ 5.918731637912971, 51.063952835986392 ], [ 5.913205911873701, 51.066881802237155 ], [ 5.892000344679532, 51.05312782458622 ], [ 5.866387640463282, 51.051119678930299 ], [ 5.867285161712182, 51.046279871748503 ], [ 5.878028124192717, 51.037583488455155 ], [ 5.874606611399821, 51.029179702918704 ], [ 5.878661051179352, 51.018208749609457 ], [ 5.884261644818991, 51.013381579497242 ], [ 5.895739565120925, 51.011019064093851 ], [ 5.895482668649267, 51.004714369505812 ], [ 5.905517416588451, 51.002171963073927 ], [ 5.90365022856273, 50.987148191036923 ], [ 5.892761956627734, 50.980210021944991 ], [ 5.897085535000427, 50.97486501722193 ], [ 5.904828404136133, 50.974565314544996 ], [ 5.919655718328637, 50.978193173339733 ], [ 5.933886362533179, 50.985353202321811 ], [ 5.955184997763151, 50.988416998176234 ], [ 5.957392227155256, 50.985005263886706 ], [ 5.968046168662123, 50.979379786246184 ], [ 5.981357148168922, 50.983217265901047 ], [ 5.984222161601466, 50.982114586702458 ], [ 6.026511759099016, 50.983272030098142 ], [ 6.015206976837701, 50.962364390938454 ], [ 6.005198416377908, 50.956776553655381 ], [ 6.016852845429342, 50.952642638998981 ], [ 6.015078570825327, 50.947882882567399 ], [ 6.018201659382992, 50.934701396419214 ], [ 6.038439024789213, 50.930890410136954 ], [ 6.045582163376466, 50.928080111388518 ], [ 6.050870797216332, 50.929905423126876 ], [ 6.056160447529503, 50.927152548627149 ], [ 6.05402276552292, 50.922247339614863 ], [ 6.068184214590992, 50.920653005584583 ], [ 6.071774980624441, 50.923133294210089 ], [ 6.082127449099297, 50.921541168817484 ], [ 6.089435919349354, 50.918525211098434 ], [ 6.094148939738207, 50.920702253648393 ], [ 6.081528454991554, 50.909406150511956 ], [ 6.075181650452114, 50.892952652934568 ], [ 6.079338278508421, 50.886718397018335 ], [ 6.079636918944678, 50.882230414908584 ], [ 6.082609130664192, 50.882475170793633 ], [ 6.086333415020781, 50.879876624660234 ], [ 6.085073701826518, 50.876368414335346 ], [ 6.088102299837591, 50.872426949621797 ], [ 6.083396496844563, 50.864837331288214 ], [ 6.077473954947181, 50.860959582224318 ], [ 6.0741708905275, 50.846537869827998 ], [ 6.05669875646855, 50.851052763918872 ], [ 6.056023112475962, 50.857218182936059 ], [ 6.042141319769196, 50.851236506532388 ], [ 6.034281487965717, 50.850575058474313 ], [ 6.027839215107833, 50.847630202040932 ], [ 6.018945629379023, 50.846255640467916 ], [ 6.016315604474593, 50.833883748315436 ], [ 6.018676889776505, 50.829766252323132 ], [ 6.02527017642831, 50.827821223491462 ], [ 6.022744390371082, 50.826605761212051 ], [ 6.02637934684846, 50.820122038182006 ], [ 6.022101285606848, 50.816810076754649 ], [ 6.024758235028063, 50.813888495278917 ], [ 6.003692640040036, 50.801471549565512 ], [ 5.984989495531848, 50.810449861017965 ], [ 5.975741810433262, 50.802352720712157 ], [ 5.974916248260981, 50.798013990155333 ], [ 5.979883724465052, 50.795201771258689 ], [ 5.988269446279262, 50.794049829812607 ], [ 5.995869977614527, 50.790070396957788 ], [ 5.995810574786042, 50.787459181191814 ], [ 6.006556864687115, 50.781915488994215 ], [ 6.027865036746464, 50.773833476602604 ], [ 6.018361147689864, 50.763356810482819 ], [ 6.020989249646663, 50.754294749361975 ], [ 6.013965092898212, 50.755055553910672 ], [ 5.999277802179559, 50.75302588279699 ], [ 5.983190379413123, 50.752819844607259 ], [ 5.974146898712091, 50.755226830066988 ], [ 5.975118178901988, 50.757888502227537 ], [ 5.972608408664151, 50.759720049087264 ], [ 5.960663360878733, 50.762475192843567 ], [ 5.953582743695073, 50.760141464307829 ], [ 5.931105260188964, 50.756942178748943 ], [ 5.921450183871683, 50.751357468209591 ], [ 5.915080951755227, 50.750367492863433 ], [ 5.913703493843997, 50.755747736119169 ], [ 5.909009803080416, 50.754218786752674 ], [ 5.908211432447598, 50.755693444281434 ], [ 5.904850078387979, 50.755223822149638 ], [ 5.901630042160777, 50.751400516111033 ], [ 5.889738335998163, 50.75632771885136 ], [ 5.889672101203892, 50.764221151792064 ], [ 5.886228145823495, 50.770046935500716 ], [ 5.876228062772686, 50.765616265640304 ], [ 5.863453990135317, 50.763508687264491 ], [ 5.852296672538803, 50.757216743691608 ], [ 5.848919977184347, 50.753407783898638 ], [ 5.845037578186922, 50.765370852892381 ], [ 5.837707690897822, 50.763135897180717 ], [ 5.830677482012924, 50.758539194857264 ], [ 5.822710970513351, 50.758824017865109 ], [ 5.8087899973583, 50.755928202369425 ], [ 5.793229547534349, 50.770191226406574 ], [ 5.784502587897475, 50.767169222001002 ], [ 5.77971483646604, 50.774309280496631 ], [ 5.777367099889505, 50.782955485816295 ], [ 5.773575122037204, 50.78324520036152 ], [ 5.765810913440082, 50.782545915313221 ], [ 5.747088617759539, 50.770484920887149 ], [ 5.740554844532579, 50.76306685581978 ], [ 5.741571598900324, 50.761162037547159 ], [ 5.73917895341888, 50.757073828701998 ], [ 5.730387573518147, 50.757416035067344 ], [ 5.720266494470761, 50.764715105893018 ], [ 5.715632849130325, 50.759878075597783 ], [ 5.710627477484866, 50.760786874440299 ], [ 5.707046456812876, 50.758287295863589 ], [ 5.702976945844458, 50.758808124234839 ], [ 5.699408753541432, 50.755409302374943 ], [ 5.69509401778267, 50.754765008014985 ], [ 5.688474975443555, 50.755713661823208 ], [ 5.687823024377058, 50.757681939712811 ], [ 5.68206195697431, 50.757536378866696 ], [ 5.682832329678384, 50.761259544825606 ], [ 5.693754501207819, 50.770939767703439 ], [ 5.69874597494448, 50.779620288687035 ], [ 5.69397820686103, 50.796636826712657 ], [ 5.693855890436379, 50.811515976141067 ], [ 5.684360071915187, 50.813420177107858 ], [ 5.680602091285631, 50.812031753880518 ], [ 5.678282885568965, 50.816468386868529 ], [ 5.673173167911191, 50.815995520488464 ], [ 5.669453916835852, 50.817850286842663 ], [ 5.667648162181276, 50.81654443128221 ], [ 5.65417996461915, 50.819974393019017 ], [ 5.656177706669457, 50.824289653248016 ], [ 5.651878293744802, 50.827483991901069 ], [ 5.648862164198813, 50.826754403588801 ], [ 5.651360460351246, 50.831831034563237 ], [ 5.64373156545873, 50.837936119992705 ], [ 5.645345594224494, 50.839395094105988 ], [ 5.641853698916145, 50.840793168703193 ], [ 5.638866056305385, 50.847674480510719 ], [ 5.642708416238032, 50.850080541683788 ], [ 5.640325935056197, 50.853724976417574 ], [ 5.643513540579971, 50.856783773592852 ], [ 5.641685496312512, 50.857554810621039 ], [ 5.643790508098782, 50.85887860214153 ], [ 5.641801744008131, 50.85924789391099 ], [ 5.644005313610538, 50.862920431979191 ], [ 5.641664645687525, 50.864161561608 ], [ 5.649472010133601, 50.868343503893769 ], [ 5.644159223408254, 50.871349853926219 ], [ 5.651323273182161, 50.875091698285566 ], [ 5.653367332463294, 50.874001304727841 ], [ 5.669637414607891, 50.88182049702889 ], [ 5.679331022124541, 50.880542267031096 ], [ 5.682515567450507, 50.88852427260673 ], [ 5.692566235443209, 50.893933290657259 ], [ 5.696246226779994, 50.898595889225895 ], [ 5.695781606120177, 50.905802941713574 ], [ 5.698263916551055, 50.9101546215269 ], [ 5.706427414635148, 50.912002779734877 ], [ 5.718925380184005, 50.907812431579437 ], [ 5.724529355687999, 50.910606679045131 ], [ 5.727259406172859, 50.915797927444196 ], [ 5.726930321467822, 50.923841220248661 ], [ 5.743575253157595, 50.938355351886472 ], [ 5.745877403820424, 50.946495745023498 ], [ 5.758108041793498, 50.950750372004393 ], [ 5.758010234949585, 50.955505985732685 ], [ 5.750523075405423, 50.960740922612061 ], [ 5.746226943874994, 50.961644852201189 ], [ 5.742036634669975, 50.960560141097417 ], [ 5.739013728548414, 50.957434411564655 ], [ 5.731240773880122, 50.954876352878244 ], [ 5.722012221465288, 50.957134626379244 ], [ 5.72012742627358, 50.962421283834161 ], [ 5.728544751469006, 50.969873434028869 ], [ 5.733160934124602, 50.971824166577044 ], [ 5.73729523704959, 50.978690997937115 ], [ 5.749883983733197, 50.982536614216805 ], [ 5.7550185488426, 50.990115386271597 ], [ 5.766087079574642, 50.997687854303187 ], [ 5.767492931405363, 51.013255074106958 ], [ 5.776434185700359, 51.022448422690793 ], [ 5.772854903058382, 51.027429711861586 ], [ 5.760818545543069, 51.030006251163535 ], [ 5.758002323492781, 51.033665677121064 ], [ 5.770759243503794, 51.049190919744447 ], [ 5.772566489882409, 51.061615016513279 ], [ 5.774655573610347, 51.062976790960349 ], [ 5.779054594788081, 51.062859984156226 ], [ 5.793179282458868, 51.058526387334517 ], [ 5.797453698460111, 51.059157013704365 ], [ 5.800886286507549, 51.06211178063058 ], [ 5.796620076048788, 51.071824405644321 ], [ 5.799248135674596, 51.075006872535695 ], [ 5.80419120411369, 51.076925412109482 ], [ 5.804506577393683, 51.080531699784103 ], [ 5.797130450327417, 51.086180643563047 ], [ 5.796022623027056, 51.091478468457161 ], [ 5.80005813347034, 51.094201562260849 ], [ 5.809745702239311, 51.096310082346655 ], [ 5.824142983615021, 51.09235008476756 ], [ 5.832391521744039, 51.097325138328983 ], [ 5.833405225421006, 51.103750872338431 ], [ 5.828886397018886, 51.107039762985735 ], [ 5.823591025310879, 51.108350056947359 ], [ 5.813761321906285, 51.107682748188317 ], [ 5.808358037553403, 51.111204498680152 ], [ 5.809850248142891, 51.1184221952212 ], [ 5.82374979825077, 51.128756243027183 ], [ 5.840115823388178, 51.130842602425645 ], [ 5.845840488050818, 51.140758798217689 ], [ 5.855619724301737, 51.144697313520986 ], [ 5.836354299935994, 51.153684980667251 ], [ 5.838610603413764, 51.15708661930595 ], [ 5.83288113161083, 51.159037408546645 ], [ 5.833389367196363, 51.161235039635798 ], [ 5.824310909284695, 51.167841209625699 ], [ 5.816079179679222, 51.16326028689091 ], [ 5.815027904862559, 51.158848284302785 ], [ 5.804943667150836, 51.162871461320762 ], [ 5.798704061204676, 51.157651803021878 ], [ 5.791814045210086, 51.156985850093271 ], [ 5.785086369222008, 51.153108287043636 ], [ 5.777646150485688, 51.151303860860125 ], [ 5.77666762369311, 51.154404595077629 ], [ 5.774759166531826, 51.154682202114344 ], [ 5.779482553844918, 51.159383069865044 ], [ 5.779402365175145, 51.163316330674768 ], [ 5.775963902958178, 51.163049777347815 ], [ 5.776366005238174, 51.165329760119114 ], [ 5.774037681432873, 51.165291741143974 ], [ 5.774460297306083, 51.163936609271566 ], [ 5.770188539018155, 51.164223858096463 ], [ 5.769564948400784, 51.169083315412259 ], [ 5.779735943826668, 51.171799167249148 ], [ 5.772952106163578, 51.173369780064732 ], [ 5.776728475428012, 51.178485503384529 ], [ 5.767160442435644, 51.183691095146962 ], [ 5.755963263399948, 51.184460672637449 ], [ 5.756868357690686, 51.185404322168374 ], [ 5.749089928042975, 51.188678375390182 ], [ 5.745641219355552, 51.189498963303578 ], [ 5.739634347510928, 51.184756040379888 ], [ 5.738507433592814, 51.186396691688934 ], [ 5.717783366448632, 51.184379022389599 ], [ 5.709339211192951, 51.180420694053026 ], [ 5.708003733979552, 51.182054695659538 ], [ 5.701288047367917, 51.182478357119741 ], [ 5.701611271400998, 51.183792998349979 ], [ 5.696436059732084, 51.183937050495672 ], [ 5.695294766367526, 51.18255894961424 ], [ 5.689695084275151, 51.185376655234222 ], [ 5.676541017969494, 51.182725566398986 ], [ 5.67635953347343, 51.184428771385598 ], [ 5.672469362297135, 51.185600106858196 ], [ 5.664495087980741, 51.186294389550135 ], [ 5.658043652622609, 51.184745019478129 ], [ 5.649739956411067, 51.193617710055484 ], [ 5.654083142887042, 51.194241704283243 ], [ 5.652733748802749, 51.19766099470511 ], [ 5.566045273703403, 51.220909406903353 ], [ 5.594320582981395, 51.226073689881474 ], [ 5.594414375191799, 51.22418039344106 ], [ 5.618781562639911, 51.229425278633371 ], [ 5.623467374666471, 51.248997916418851 ], [ 5.625972195056806, 51.273601601407861 ], [ 5.672110782048024, 51.315094012914571 ], [ 5.873531287067797, 51.353127648850673 ], [ 5.931287515808569, 51.384752676548693 ], [ 5.871695195927734, 51.450111965296003 ], [ 5.860696879236038, 51.492006525875787 ], [ 5.852573702735848, 51.504144424682451 ], [ 5.838238464254861, 51.566414616134992 ], [ 5.891466123277402, 51.560204679894213 ], [ 5.906662586880648, 51.552030867290327 ], [ 5.935444932667411, 51.553600194141005 ], [ 5.97338678481245, 51.561063333839975 ], [ 6.004252789993714, 51.570243518131818 ], [ 6.018211958185507, 51.563334680125166 ], [ 6.031668836577393, 51.552338826748148 ], [ 6.034320572153598, 51.55749726835549 ], [ 6.037307850416581, 51.558149275097463 ], [ 6.04091285715873, 51.556630449448349 ], [ 6.044327671417269, 51.557447526165689 ], [ 6.042866078491789, 51.558694626000189 ], [ 6.048120698761914, 51.558462546515464 ], [ 6.0414527814771, 51.56364744889725 ], [ 6.037870314639346, 51.569410972334893 ], [ 6.039717812377292, 51.581615960670824 ], [ 6.026281406785658, 51.595576853576219 ], [ 6.023783914992134, 51.603035441179628 ], [ 6.023852978554369, 51.616125363893502 ], [ 6.019979812639183, 51.621921142471322 ], [ 5.996016348758065, 51.636870311077018 ], [ 5.972127860838862, 51.645771791204787 ], [ 5.964855670998495, 51.652732366442116 ], [ 5.964586608872366, 51.675573345744901 ], [ 5.956376290950637, 51.699633035084254 ], [ 5.955416550027128, 51.70913152958714 ], [ 5.946753514272231, 51.713432218027286 ], [ 5.933784829173396, 51.716140399079947 ], [ 5.899566718249765, 51.720189938415885 ], [ 5.887958944571685, 51.725192175110756 ], [ 5.8854040378912, 51.728314188021642 ], [ 5.879560425950662, 51.749913597296512 ], [ 5.864468842426048, 51.757681722021992 ], [ 5.869244699343948, 51.762860476098766 ], [ 5.867893198232532, 51.775521020737237 ], [ 5.886374560436388, 51.778590454571535 ], [ 5.893409258369347, 51.777852924973807 ], [ 5.90537579898827, 51.7656838191145 ], [ 5.91111459385341, 51.76240566183089 ], [ 5.915133553614806, 51.752536589920084 ], [ 5.933323245547478, 51.74809858598838 ], [ 5.929948271667801, 51.744428468273426 ], [ 5.932766879663456, 51.741938447324898 ] ] ] } }
]
}
